{"type":"FeatureCollection","features":[{"type":"Feature","properties":{"ID_0":211,"ISO":"KOR","NAME_0":"South Korea","ID_1":7,"NAME_1":"Gwangju","ID_2":75,"NAME_2":"Buk","NL_NAME_2":"??|??","VARNAME_2":null,"TYPE_2":"Gu","ENGTYPE_2":"District"},"geometry":{"type":"Polygon","coordinates":[[[126.9156265258789,35.22182464599615],[126.96391296386719,35.205642700195426],[126.97332763671886,35.18572998046875],[126.97070312500011,35.170074462890625],[127.00293731689464,35.16553497314459],[127.02850341796875,35.152656555175895],[127.03045654296875,35.139846801757926],[127.01669311523438,35.10629272460949],[127.00527954101562,35.12091064453131],[126.974609375,35.131103515625114],[126.95770263671886,35.14312744140619],[126.93609619140625,35.143310546875114],[126.92488861083996,35.13283538818354],[126.91658020019531,35.133644104003906],[126.89959716796875,35.14840698242193],[126.85778808593761,35.152923583984375],[126.87432861328136,35.16189575195318],[126.86471557617188,35.186492919921875],[126.85610961914062,35.19564437866222],[126.86708068847668,35.215873718261776],[126.9156265258789,35.22182464599615]]]}},{"type":"Feature","properties":{"ID_0":211,"ISO":"KOR","NAME_0":"South Korea","ID_1":7,"NAME_1":"Gwangju","ID_2":76,"NAME_2":"Dong","NL_NAME_2":"??|??","VARNAME_2":null,"TYPE_2":"Gu","ENGTYPE_2":"District"},"geometry":{"type":"Polygon","coordinates":[[[127.01669311523438,35.10629272460949],[127.00610351562523,35.08770751953131],[126.99964904785168,35.08430480957037],[126.94531250000011,35.07624816894531],[126.9382019042971,35.097015380859375],[126.94741821289074,35.11410522460949],[126.92488861083996,35.13283538818354],[126.93609619140625,35.143310546875114],[126.95770263671886,35.14312744140619],[126.974609375,35.131103515625114],[127.00527954101562,35.12091064453131],[127.01669311523438,35.10629272460949]]]}},{"type":"Feature","properties":{"ID_0":211,"ISO":"KOR","NAME_0":"South Korea","ID_1":7,"NAME_1":"Gwangju","ID_2":77,"NAME_2":"Gwangsan","NL_NAME_2":"???|???","VARNAME_2":null,"TYPE_2":"Gu","ENGTYPE_2":"District"},"geometry":{"type":"Polygon","coordinates":[[[126.85610961914062,35.19564437866222],[126.86471557617188,35.186492919921875],[126.87432861328136,35.16189575195318],[126.85778808593761,35.152923583984375],[126.89959716796875,35.14840698242193],[126.94741821289074,35.11410522460949],[126.9382019042971,35.097015380859375],[126.94531250000011,35.07624816894531],[126.91913604736351,35.07290649414074],[126.89784240722668,35.04301071166998],[126.85932922363281,35.05469894409191],[126.83151245117188,35.04807662963867],[126.7996597290039,35.047473907470646],[126.79270172119152,35.051700592041016],[126.78491210937511,35.07729721069336],[126.7787094116211,35.08205032348633],[126.72766876220714,35.09112548828125],[126.70422363281261,35.102664947509766],[126.67742156982422,35.10314559936535],[126.67370605468761,35.10949707031256],[126.67512512207031,35.13666152954107],[126.70251464843761,35.17510986328131],[126.74285888671875,35.18702697753906],[126.7664566040039,35.21660232543957],[126.77642822265625,35.21833038330078],[126.8238525390625,35.19184875488287],[126.85610961914062,35.19564437866222]]]}},{"type":"Feature","properties":{"ID_0":211,"ISO":"KOR","NAME_0":"South Korea","ID_1":13,"NAME_1":"Jeollabuk-do","ID_2":164,"NAME_2":"Buan","NL_NAME_2":"???| ???","VARNAME_2":null,"TYPE_2":"Gun","ENGTYPE_2":"County"},"geometry":{"type":"MultiPolygon","coordinates":[[[[126.35485839843761,35.55930709838873],[126.35736083984398,35.55958175659191],[126.35708618164108,35.557918548583984],[126.35485839843761,35.55930709838873]]],[[[126.34625244140625,35.56458282470709],[126.34819793701206,35.56291580200218],[126.34597015380905,35.56291580200218],[126.34625244140625,35.56458282470709]]],[[[126.5868072509769,35.57430648803728],[126.59069824218761,35.570137023926065],[126.58597564697311,35.56847381591791],[126.5868072509769,35.57430648803728]]],[[[126.24402618408203,35.577915191650334],[126.24986267089855,35.57430648803728],[126.23819732666016,35.572639465332145],[126.24402618408203,35.577915191650334]]],[[[126.23958587646507,35.583751678466854],[126.24180603027344,35.58291625976591],[126.24153137207031,35.581806182861555],[126.23958587646507,35.583751678466854]]],[[[126.24375152587902,35.584583282470646],[126.24597167968773,35.5831947326663],[126.24430847168014,35.58291625976591],[126.24375152587902,35.584583282470646]]],[[[126.23291778564499,35.585693359375],[126.23542022705112,35.584583282470646],[126.23347473144543,35.584304809570256],[126.23291778564499,35.585693359375]]],[[[126.25125122070347,35.59736251831049],[126.25458526611328,35.59736251831049],[126.2540283203125,35.59430694580084],[126.25125122070347,35.59736251831049]]],[[[126.26403045654331,35.60930633544939],[126.2676391601567,35.60708236694347],[126.26457977294967,35.607360839843864],[126.26403045654331,35.60930633544939]]],[[[126.2918090820317,35.6209716796875],[126.29458618164074,35.614028930664176],[126.28986358642578,35.610694885254134],[126.28736114501976,35.61513900756836],[126.2918090820317,35.6209716796875]]],[[[126.30458068847702,35.622081756591854],[126.31569671630905,35.60958480834978],[126.3029174804692,35.59430694580084],[126.29458618164074,35.593753814697436],[126.29930877685581,35.5851402282716],[126.29597473144531,35.589862823486385],[126.29402923584018,35.58291625976591],[126.295692443848,35.590137481689624],[126.29208374023438,35.59402847290045],[126.28041839599655,35.57876586914057],[126.26513671875011,35.575416564941634],[126.26736450195312,35.56541824340826],[126.25458526611328,35.572360992431754],[126.24903106689476,35.58847045898449],[126.25458526611328,35.590415954590014],[126.25875091552757,35.58597183227539],[126.2706909179692,35.590415954590014],[126.25680541992188,35.592918395996094],[126.257080078125,35.598751068115234],[126.26403045654331,35.59569549560575],[126.27236175537121,35.59930419921881],[126.26736450195312,35.60347366333002],[126.2706909179692,35.60874938964844],[126.2809753417971,35.602359771728516],[126.28514099121105,35.605140686035156],[126.27541351318371,35.61736297607422],[126.2840270996096,35.61624908447271],[126.2937469482423,35.604862213134766],[126.30458068847702,35.622081756591854]]],[[[126.36763763427746,35.62569427490229],[126.37041473388683,35.62374877929699],[126.36819458007812,35.62180709838867],[126.36763763427746,35.62569427490229]]],[[[126.27208709716831,35.63208389282221],[126.2923583984375,35.634304046630916],[126.29513549804688,35.628192901611385],[126.28514099121105,35.6204185485841],[126.2818069458009,35.625415802002124],[126.28597259521484,35.62985992431652],[126.27180480957043,35.62430572509794],[126.27569580078125,35.62763977050781],[126.27208709716831,35.63208389282221]]],[[[126.12264251708996,35.64569473266624],[126.1298599243164,35.63569259643566],[126.11152648925781,35.63874816894537],[126.11264038085972,35.6448593139649],[126.12264251708996,35.64569473266624]]],[[[126.12014007568405,35.66569519042997],[126.12264251708996,35.663471221923885],[126.11985778808594,35.66430664062506],[126.12014007568405,35.66569519042997]]],[[[126.48625183105469,35.66569519042997],[126.48791503906261,35.660694122314396],[126.48124694824241,35.66041564941423],[126.48180389404308,35.66180419921875],[126.48625183105469,35.66569519042997]]],[[[126.11180877685592,35.66736221313471],[126.11180877685592,35.65597152709961],[126.10041809082043,35.65902709960949],[126.10346984863293,35.66430664062506],[126.11180877685592,35.66736221313471]]],[[[126.11958312988293,35.669029235839844],[126.12291717529297,35.66847229003906],[126.11902618408214,35.66764068603527],[126.11958312988293,35.669029235839844]]],[[[126.4573593139653,35.67625045776373],[126.45986175537121,35.67402648925804],[126.45680236816418,35.674861907958984],[126.4573593139653,35.67625045776373]]],[[[126.46319580078136,35.68264007568365],[126.46541595459007,35.67902755737305],[126.46541595459007,35.677917480468864],[126.46291351318371,35.678749084472656],[126.46319580078136,35.68264007568365]]],[[[126.46291351318371,35.73014068603521],[126.46180725097702,35.726806640625],[126.45930480957043,35.72569274902344],[126.45903015136741,35.728195190429915],[126.46291351318371,35.73014068603521]]],[[[126.46347045898483,35.7423629760745],[126.47180175781273,35.74041748046881],[126.47291564941406,35.73875045776367],[126.46208190917991,35.73847198486328],[126.46347045898483,35.7423629760745]]],[[[126.44958496093773,35.749027252197266],[126.46208190917991,35.73541641235363],[126.4543075561528,35.727916717529354],[126.44680786132847,35.733470916748104],[126.45041656494152,35.73736190795893],[126.43819427490234,35.739860534668026],[126.44958496093773,35.749027252197266]]],[[[126.46736145019531,35.75236129760748],[126.47125244140625,35.74763870239269],[126.47097015380893,35.74680709838873],[126.46236419677757,35.748474121094034],[126.46736145019531,35.75236129760748]]],[[[126.6340255737307,35.80014038085943],[126.65125274658203,35.7920837402346],[126.70014190673828,35.798194885254134],[126.74764251708984,35.78791809082037],[126.76985931396518,35.77291488647484],[126.77680206298828,35.751251220703125],[126.78402709960972,35.74680709838873],[126.79347229003918,35.75208282470709],[126.80069732666027,35.743194580078296],[126.79513549804688,35.75319290161127],[126.77819824218761,35.75541687011719],[126.77847290039062,35.768749237060604],[126.78485870361374,35.77986145019531],[126.77930450439453,35.786804199219034],[126.78591918945324,35.792022705078296],[126.79274749755893,35.76025772094721],[126.7994384765625,35.75343322753935],[126.81851196289062,35.74899291992193],[126.83142852783214,35.72122573852562],[126.83331298828136,35.69702148437494],[126.82907104492188,35.690307617187614],[126.81082153320324,35.68209838867216],[126.74665832519554,35.66636657714844],[126.72500610351585,35.633483886718864],[126.72990417480469,35.603691101074276],[126.72351074218784,35.56834793090832],[126.70489501953125,35.56988525390648],[126.67767333984386,35.56732177734369],[126.67124938964878,35.56768035888683],[126.66986083984386,35.57430648803728],[126.66152954101562,35.57736206054693],[126.66319274902355,35.582084655761946],[126.66791534423828,35.578750610351676],[126.67375183105469,35.58541488647461],[126.65958404541038,35.58486175537121],[126.65180206298828,35.59486007690441],[126.64458465576183,35.59402847290045],[126.63735961914085,35.59986114501959],[126.63430786132835,35.59236145019531],[126.62347412109375,35.59402847290045],[126.62152862548851,35.590415954590014],[126.61875152587902,35.59430694580084],[126.60763549804688,35.5851402282716],[126.59735870361374,35.59458160400402],[126.59291839599632,35.587917327880916],[126.57430267333996,35.590137481689624],[126.54569244384777,35.584583282470646],[126.54096984863315,35.58819580078148],[126.5287475585942,35.578750610351676],[126.5165252685548,35.58041763305664],[126.51625061035179,35.587917327880916],[126.5112533569336,35.578750610351676],[126.491249084473,35.5851402282716],[126.48513793945347,35.59125137329113],[126.4887466430664,35.595973968506144],[126.48152923584007,35.5970840454101],[126.47958374023438,35.602638244628906],[126.47013854980514,35.60291671752947],[126.46652984619152,35.5976371765139],[126.46708679199264,35.604583740234375],[126.45874786376999,35.61180496215849],[126.46236419677757,35.62125015258789],[126.46902465820324,35.619583129882756],[126.460693359375,35.622081756591854],[126.46986389160156,35.62902832031256],[126.45652770996128,35.637084960937784],[126.46569824218773,35.639583587646484],[126.46597290039074,35.64458465576189],[126.47736358642578,35.64374923706055],[126.49153137207043,35.65569305419922],[126.50180816650436,35.65541839599621],[126.50986480712936,35.66541671752941],[126.51486206054688,35.66513824462902],[126.52124786376953,35.67708206176769],[126.52902984619163,35.67708206176769],[126.53180694580124,35.69069290161133],[126.53736114501953,35.68902587890642],[126.55403137207031,35.69708251953125],[126.53263854980503,35.725418090820426],[126.51958465576195,35.72986221313482],[126.51625061035179,35.74041748046881],[126.53180694580124,35.73125076293957],[126.55680847168003,35.699306488037166],[126.56847381591797,35.693473815918196],[126.57041931152366,35.68624877929693],[126.56903076171875,35.6940269470216],[126.57624816894577,35.69374847412121],[126.57263946533237,35.69625091552746],[126.57597351074219,35.70041656494152],[126.59541320800781,35.71236038208019],[126.60986328125,35.73597335815458],[126.62791442871105,35.749027252197266],[126.62680816650425,35.78152847290045],[126.62041473388672,35.7870826721192],[126.6340255737307,35.80014038085943]]],[[[126.48680877685581,35.800693511962834],[126.49236297607422,35.798473358154524],[126.50624847412155,35.76235961914068],[126.48680877685581,35.800693511962834]]],[[[126.40791320800804,35.801250457763786],[126.4134750366211,35.80208206176758],[126.41180419921886,35.79763793945318],[126.40791320800804,35.801250457763786]]],[[[126.4295806884769,35.81402587890648],[126.43374633789074,35.80625152587896],[126.44125366210938,35.81152725219738],[126.44208526611328,35.80374908447271],[126.43791961669933,35.80513763427746],[126.43985748291038,35.79986190795904],[126.42514038085949,35.792640686035156],[126.4179153442384,35.793193817138956],[126.41291809082077,35.798473358154524],[126.4179153442384,35.809581756591854],[126.42763519287121,35.80513763427746],[126.4295806884769,35.81402587890648]]],[[[126.40513610839855,35.81430435180687],[126.40541839599643,35.81513977050781],[126.40680694580078,35.81458282470703],[126.40513610839855,35.81430435180687]]],[[[126.40791320800804,35.821804046631144],[126.40985870361328,35.82013702392584],[126.40652465820312,35.82097244262695],[126.40791320800804,35.821804046631144]]],[[[126.36902618408203,35.82347106933605],[126.37486267089844,35.82013702392584],[126.37264251708984,35.81375122070307],[126.37680816650425,35.81402587890648],[126.38263702392601,35.80236053466797],[126.37569427490234,35.80374908447271],[126.37403106689464,35.79958343505888],[126.36624908447311,35.810417175293026],[126.36902618408203,35.82347106933605]]],[[[126.40736389160156,35.83319473266624],[126.4262466430664,35.8179168701173],[126.41735839843795,35.81236267089872],[126.4148635864259,35.80569458007841],[126.40847015380893,35.804306030273494],[126.40597534179699,35.80819320678711],[126.40152740478561,35.80374908447271],[126.4023590087894,35.81180572509777],[126.3943023681644,35.8079185485841],[126.39597320556652,35.81430435180687],[126.38680267333996,35.8198623657226],[126.39569091796909,35.82069396972679],[126.398193359375,35.81263732910156],[126.40985870361328,35.81458282470703],[126.41236114501964,35.824859619140625],[126.398193359375,35.82597351074236],[126.40736389160156,35.83319473266624]]],[[[126.48236083984386,35.84597396850609],[126.48402404785156,35.842082977294865],[126.47291564941406,35.8418045043947],[126.47458648681686,35.84402847290039],[126.48236083984386,35.84597396850609]]],[[[126.44458007812545,35.84930419921898],[126.44708251953136,35.85013961791992],[126.44680786132847,35.84902954101574],[126.44458007812545,35.84930419921898]]],[[[126.33763885498092,35.85180664062506],[126.35375213623047,35.854305267334155],[126.35652923584018,35.84763717651367],[126.33763885498092,35.85180664062506]]],[[[126.33041381835938,35.85486221313471],[126.33403015136753,35.85347366333036],[126.32986450195312,35.85208511352545],[126.33041381835938,35.85486221313471]]],[[[126.3870849609375,35.856529235839844],[126.38874816894577,35.85235977172863],[126.38014221191418,35.84708404541044],[126.35847473144531,35.84791564941423],[126.3870849609375,35.856529235839844]]],[[[126.32569122314487,35.8576393127442],[126.32707977294922,35.85208511352545],[126.31346893310558,35.8556938171389],[126.31402587890625,35.85930633544933],[126.32569122314487,35.8576393127442]]],[[[126.40708160400425,35.859859466552734],[126.4265289306644,35.8576393127442],[126.43347167968773,35.85541534423851],[126.40597534179699,35.85791778564459],[126.3943023681644,35.854305267334155],[126.40708160400425,35.859859466552734]]],[[[126.16569519042969,35.86430740356451],[126.16819763183594,35.865417480468864],[126.16791534423828,35.86347198486334],[126.16569519042969,35.86430740356451]]],[[[126.50819396972656,35.87430572509771],[126.49847412109375,35.84375],[126.47958374023438,35.82374954223644],[126.4884719848634,35.815692901611385],[126.46958160400402,35.810138702392635],[126.46180725097702,35.812915802002124],[126.46541595459007,35.81708526611334],[126.46208190917991,35.819305419922046],[126.45930480957043,35.81486129760742],[126.45402526855469,35.81652832031256],[126.45291900634788,35.81152725219738],[126.45680236816418,35.81208419799833],[126.45874786376999,35.80875015258789],[126.44791412353516,35.807361602783146],[126.4487533569336,35.81208419799833],[126.44319152832054,35.81402587890648],[126.44902801513717,35.81513977050781],[126.44513702392578,35.819305419922046],[126.45236206054688,35.8198623657226],[126.44458007812545,35.82319259643549],[126.44708251953136,35.825416564941406],[126.44041442871105,35.83180618286133],[126.45541381835938,35.83152770996094],[126.46097564697266,35.824859619140625],[126.47652435302734,35.82347106933605],[126.4904174804692,35.83763885498047],[126.4854202270509,35.84597396850609],[126.49624633789062,35.84708404541044],[126.50819396972656,35.87430572509771]]],[[[126.0723648071289,35.88874816894531],[126.07653045654331,35.886528015136776],[126.07125091552768,35.88763809204113],[126.0723648071289,35.88874816894531]]],[[[126.22041320800804,35.997917175293026],[126.22430419921886,35.99124908447271],[126.23069763183628,35.98819351196306],[126.22069549560558,35.98680496215832],[126.22041320800804,35.997917175293026]]],[[[126.2387466430664,35.99930572509777],[126.24153137207031,35.9934730529788],[126.23513793945312,35.98986053466797],[126.23430633544922,35.99319458007824],[126.2387466430664,35.99930572509777]]],[[[126.22347259521507,36.000694274902514],[126.21986389160156,35.99902725219738],[126.21958160400425,35.99986267089872],[126.22347259521507,36.000694274902514]]]]}},{"type":"Feature","properties":{"ID_0":211,"ISO":"KOR","NAME_0":"South Korea","ID_1":13,"NAME_1":"Jeollabuk-do","ID_2":165,"NAME_2":"Gimje","NL_NAME_2":"???| ???","VARNAME_2":null,"TYPE_2":"Si","ENGTYPE_2":"City"},"geometry":{"type":"Polygon","coordinates":[[[127.04510498046875,35.91949462890631],[127.0540771484375,35.91107177734375],[127.02292633056652,35.869739532470646],[127.01129150390636,35.830505371093864],[127.02208709716797,35.81064224243164],[127.07381439209007,35.799621582031364],[127.08340454101574,35.781600952148494],[127.0758056640625,35.76577758789068],[127.07769775390636,35.74871826171869],[127.09156799316418,35.73415374755865],[127.09088134765625,35.72366333007818],[127.08120727539062,35.707000732421875],[127.08660888671886,35.684204101562614],[127.07640075683594,35.6724090576173],[127.0570068359375,35.66317749023443],[127.03387451171875,35.66452026367193],[127.01119995117188,35.6864013671875],[126.9970703125,35.719116210937614],[126.95077514648438,35.725402832031364],[126.93652343750011,35.74609375],[126.905517578125,35.76092529296869],[126.89889526367188,35.75830078125],[126.89739990234386,35.74539184570318],[126.8895263671875,35.735900878906364],[126.83142852783214,35.72122573852545],[126.81851196289062,35.74899291992193],[126.7994384765625,35.753433227539176],[126.79274749755871,35.76025772094721],[126.78591918945312,35.792022705078125],[126.77735900878906,35.79680633544922],[126.78180694580101,35.80319595336914],[126.75041961669922,35.810138702392635],[126.70014190673828,35.84069442749035],[126.68458557128918,35.842361450195256],[126.69736480712902,35.85680389404308],[126.72013854980469,35.860137939453125],[126.73069763183605,35.86708450317383],[126.74458312988281,35.86819458007818],[126.77208709716808,35.8609733581543],[126.7898635864259,35.86458206176752],[126.79958343505871,35.87430572509771],[126.79597473144543,35.88263702392578],[126.8004150390625,35.892360687255916],[126.83125305175793,35.904582977295036],[126.82875061035168,35.90847396850586],[126.81402587890625,35.904026031494254],[126.80252838134766,35.90597152709955],[126.8077850341798,35.91275024414057],[126.8762664794923,35.939399719238395],[126.87875366210949,35.93133544921881],[126.88900756835949,35.92919921875],[126.90380859375,35.933288574218864],[126.93139648437511,35.92370605468756],[126.966796875,35.9268798828125],[127.01014709472668,35.903228759765625],[127.04510498046875,35.91949462890631]]]}},{"type":"Feature","properties":{"ID_0":211,"ISO":"KOR","NAME_0":"South Korea","ID_1":13,"NAME_1":"Jeollabuk-do","ID_2":166,"NAME_2":"Gochang","NL_NAME_2":"???| ???","VARNAME_2":null,"TYPE_2":"Gun","ENGTYPE_2":"County"},"geometry":{"type":"MultiPolygon","coordinates":[[[[126.43347167968773,35.42873764038097],[126.43291473388672,35.42859649658209],[126.43291473388672,35.42874908447271],[126.43347167968773,35.42873764038097]]],[[[126.4254150390625,35.440971374511776],[126.42847442626953,35.441249847412166],[126.42874908447311,35.4404182434082],[126.4254150390625,35.440971374511776]]],[[[126.42680358886719,35.44791793823248],[126.42874908447311,35.449306488037394],[126.4295806884769,35.44763946533209],[126.42680358886719,35.44791793823248]]],[[[126.48041534423828,35.535137176513956],[126.48374938964878,35.53291702270525],[126.4798583984375,35.5340270996096],[126.48041534423828,35.535137176513956]]],[[[126.47819519042991,35.53902816772461],[126.48486328125011,35.540416717529524],[126.48430633544967,35.537361145019645],[126.47819519042991,35.53902816772461]]],[[[126.43930816650425,35.54486083984375],[126.44291687011764,35.54513931274414],[126.44264221191406,35.543193817138615],[126.43930816650425,35.54486083984375]]],[[[126.43376159668014,35.42881011962902],[126.43541717529297,35.42986297607422],[126.43930816650425,35.43013763427763],[126.44569396972656,35.42819595336931],[126.44930267334007,35.431526184081974],[126.44652557373058,35.43763732910173],[126.43180847168014,35.432083129882926],[126.42903137207031,35.4359703063966],[126.46458435058594,35.48041534423828],[126.47319793701217,35.50680541992216],[126.4798583984375,35.50902938842785],[126.48486328125011,35.5220832824707],[126.4904174804692,35.51208496093773],[126.49764251708996,35.50986099243164],[126.50263977050815,35.51374816894548],[126.49736022949241,35.51514053344738],[126.49764251708996,35.52069473266596],[126.51319122314476,35.531250000000114],[126.52958679199253,35.534584045410156],[126.54235839843784,35.52541732788097],[126.55014038085938,35.53569412231451],[126.56597137451172,35.543472290039176],[126.59291839599632,35.540695190429915],[126.59541320800781,35.52986145019537],[126.61152648925827,35.560695648193644],[126.61597442626964,35.55625152587902],[126.61680603027344,35.569862365722656],[126.6220855712894,35.566806793213004],[126.63319396972656,35.57430648803728],[126.648193359375,35.569862365722656],[126.65763854980514,35.557918548583984],[126.6729202270509,35.55097198486328],[126.67402648925781,35.542915344238224],[126.67652893066418,35.54735946655285],[126.66986083984386,35.55597305297846],[126.67013549804688,35.5676383972168],[126.7301025390625,35.566894531250284],[126.75432586669922,35.57133483886713],[126.77326965332077,35.55987930297857],[126.78298950195335,35.51898956298834],[126.78018188476562,35.50030517578131],[126.7920913696289,35.43393707275396],[126.78923034667969,35.38877105712902],[126.78506469726574,35.379489898681925],[126.76908111572311,35.36713409423851],[126.75881958007812,35.33851623535179],[126.74362182617188,35.325103759765796],[126.70967102050781,35.32341003417969],[126.66504669189453,35.305786132812614],[126.61494445800793,35.3099060058596],[126.59059143066406,35.296909332275675],[126.56382751464855,35.29165649414091],[126.55489349365268,35.295993804931754],[126.53195953369152,35.32550811767578],[126.50275421142624,35.3460502624514],[126.50395965576217,35.35780334472662],[126.4910888671875,35.37109375],[126.46735382080112,35.386051177978686],[126.46815490722668,35.40854644775396],[126.45655822753906,35.41946411132824],[126.43530273437534,35.42370605468744],[126.43376159668014,35.42881011962902]]]]}},{"type":"Feature","properties":{"ID_0":211,"ISO":"KOR","NAME_0":"South Korea","ID_1":13,"NAME_1":"Jeollabuk-do","ID_2":167,"NAME_2":"Gunsan","NL_NAME_2":"???| ???","VARNAME_2":null,"TYPE_2":"Si","ENGTYPE_2":"City"},"geometry":{"type":"MultiPolygon","coordinates":[[[[126.59735870361374,35.938751220703125],[126.59986114501964,35.936805725097656],[126.59847259521484,35.93569564819347],[126.59735870361374,35.938751220703125]]],[[[126.54513549804699,35.94569396972685],[126.54708099365268,35.94847106933594],[126.54792022705078,35.94680404663103],[126.54513549804699,35.94569396972685]]],[[[126.54597473144543,35.96374893188488],[126.5526351928711,35.96069335937523],[126.5526351928711,35.95541763305664],[126.54736328125,35.95569610595703],[126.54597473144543,35.96374893188488]]],[[[126.49764251708996,35.983196258545036],[126.4906921386721,35.97819519042969],[126.49208068847702,35.980140686035156],[126.49764251708996,35.983196258545036]]],[[[126.70291900634766,35.9959716796875],[126.69264221191406,35.99069595336914],[126.68930816650402,35.99124908447271],[126.68819427490257,35.9934730529788],[126.70291900634766,35.9959716796875]]],[[[126.58541870117222,35.99958419799816],[126.58902740478561,35.99013900756836],[126.52124786376953,35.98819351196306],[126.58652496337902,35.99124908447271],[126.58541870117222,35.99958419799816]]],[[[126.60263824462925,35.997081756591854],[126.6040267944336,35.99263763427746],[126.60902404785168,35.994861602783146],[126.60958099365246,35.99402618408203],[126.60208129882835,35.98986053466797],[126.5898590087894,35.99041748046875],[126.60069274902344,35.99124908447271],[126.60124969482456,35.99847412109381],[126.60708618164108,35.99986267089872],[126.60263824462925,35.997081756591854]]],[[[126.90368652343795,36.04028320312506],[126.93049621582043,36.01690673828142],[126.93280029296909,36.00601196289057],[126.88189697265625,35.94451904296881],[126.84130859375045,35.923095703125],[126.80778503417991,35.91275024414057],[126.80180358886719,35.90541839599615],[126.78624725341842,35.90319442749046],[126.76958465576172,35.889305114746264],[126.7379150390625,35.89430618286144],[126.71708679199241,35.88513946533203],[126.68264007568371,35.89374923706066],[126.66819763183628,35.88319396972673],[126.61235809326206,35.885971069335994],[126.61096954345737,35.92958450317394],[126.61680603027344,35.938751220703125],[126.59347534179722,35.947917938232536],[126.57514190673828,35.9462509155274],[126.5754165649414,35.9426383972168],[126.57069396972668,35.94569396972685],[126.53902435302746,35.942359924316406],[126.5259704589846,35.91819381713884],[126.53485870361374,35.942359924316406],[126.52153015136719,35.947639465332145],[126.52153015136719,35.967918395996094],[126.5237503051759,35.95152664184582],[126.53541564941429,35.94930648803711],[126.53874969482445,35.94374847412115],[126.56735992431663,35.9462509155274],[126.56402587890648,35.94930648803711],[126.56764221191418,35.95208358764677],[126.54708099365268,35.968471527099666],[126.56069183349632,35.9681930541995],[126.55986022949253,35.971248626708984],[126.52124786376953,35.97291564941412],[126.57875061035156,35.977638244628906],[126.59097290039062,35.974304199219034],[126.6137466430664,35.980693817138956],[126.62041473388672,35.97069549560558],[126.62458038330101,35.97347259521507],[126.6220855712894,35.97874832153326],[126.63291931152344,35.97513961791998],[126.68069458007812,35.98347091674805],[126.70458221435558,35.995414733886946],[126.72902679443405,35.98569488525396],[126.73902893066429,35.98680496215832],[126.74903106689464,35.99375152587919],[126.75653076171875,36.012359619140625],[126.741249084473,36.01807022094755],[126.78228759765625,36.036682128906364],[126.814208984375,36.03710937499994],[126.82339477539074,36.04904174804693],[126.85739135742233,36.0625],[126.86917877197277,36.07838058471691],[126.88534545898438,36.07890319824219],[126.89309692382812,36.0741882324221],[126.89648437500045,36.052917480468864],[126.90368652343795,36.04028320312506]]]]}},{"type":"Feature","properties":{"ID_0":211,"ISO":"KOR","NAME_0":"South Korea","ID_1":13,"NAME_1":"Jeollabuk-do","ID_2":168,"NAME_2":"Iksan","NL_NAME_2":"???| ???","VARNAME_2":null,"TYPE_2":"Si","ENGTYPE_2":"City"},"geometry":{"type":"Polygon","coordinates":[[[126.8651809692384,36.08754730224615],[126.87588500976574,36.12655639648432],[126.88694763183605,36.14118194580084],[126.91012573242188,36.14401245117193],[126.94128417968761,36.15969848632824],[126.98716735839844,36.146007537841854],[127.00610351562523,36.134796142578125],[127.02569580078125,36.13388061523443],[127.03848266601562,36.11590576171875],[127.05072021484375,36.07891845703125],[127.08758544921886,36.06842041015625],[127.12618255615234,36.06727600097656],[127.13211059570312,36.045288085937614],[127.114013671875,36.01049804687506],[127.1173782348634,35.995948791503906],[127.10949707031261,35.979675292968864],[127.11358642578125,35.95700073242182],[127.10992431640636,35.94891357421881],[127.0906982421875,35.93609619140631],[127.05181884765625,35.93429565429682],[127.04510498046875,35.91949462890631],[127.01014709472668,35.903228759765625],[126.966796875,35.9268798828125],[126.93139648437511,35.92370605468756],[126.90380859375,35.933288574218864],[126.87875366210949,35.93133544921881],[126.8762664794923,35.939399719238395],[126.93280029296875,36.00601196289057],[126.93049621582031,36.01690673828125],[126.89920043945312,36.046295166015625],[126.89309692382812,36.07418823242193],[126.88534545898438,36.07890319824219],[126.86917877197277,36.07838058471691],[126.87347412109375,36.085876464843864],[126.8651809692384,36.08754730224615]]]}},{"type":"Feature","properties":{"ID_0":211,"ISO":"KOR","NAME_0":"South Korea","ID_1":13,"NAME_1":"Jeollabuk-do","ID_2":169,"NAME_2":"Imsil","NL_NAME_2":"???| ???","VARNAME_2":null,"TYPE_2":"Gun","ENGTYPE_2":"County"},"geometry":{"type":"Polygon","coordinates":[[[127.1050033569336,35.606651306152344],[127.15225219726574,35.63903808593744],[127.15219116210938,35.64779663085949],[127.13540649414062,35.680877685546875],[127.16374206542969,35.719398498535156],[127.19996643066418,35.72833251953125],[127.25210571289062,35.693603515625],[127.26568603515625,35.687072753906364],[127.27925872802746,35.68964385986328],[127.28308105468761,35.69658279418945],[127.27407836914062,35.70858764648443],[127.28334045410156,35.72755432128906],[127.27369689941406,35.745254516601676],[127.27348327636719,35.75515747070324],[127.28271484375011,35.76110839843744],[127.30950927734375,35.74090576171875],[127.31610107421886,35.73040771484369],[127.32308959960938,35.70629882812506],[127.32350158691418,35.6741943359375],[127.32952880859375,35.6680908203125],[127.34799194335938,35.664093017578125],[127.3623046875,35.646697998046875],[127.44512939453125,35.62591552734375],[127.47409057617188,35.614379882812614],[127.47799682617199,35.60589599609375],[127.47663879394531,35.592468261718864],[127.43231201171875,35.584716796875],[127.42329406738293,35.58070373535156],[127.410400390625,35.5642547607423],[127.4188232421875,35.557006835937614],[127.41676330566429,35.54866027832031],[127.38641357421875,35.52011108398443],[127.38531494140636,35.49029541015625],[127.39532470703125,35.48168945312494],[127.38536071777355,35.47134399414074],[127.35598754882824,35.47061157226574],[127.34793090820324,35.46784973144537],[127.34159088134766,35.45650482177729],[127.31588745117199,35.456481933593864],[127.29528808593761,35.44821166992193],[127.27670288085938,35.46261596679682],[127.26141357421875,35.45507812500006],[127.23849487304699,35.4708251953125],[127.21768188476574,35.47061157226574],[127.19711303710938,35.45590209960949],[127.18771362304699,35.44061279296881],[127.18081665039085,35.4385986328125],[127.15838623046886,35.440704345703125],[127.15350341796875,35.44650268554693],[127.16192626953125,35.46490478515619],[127.15112304687511,35.47949218750006],[127.10878753662121,35.496967315673885],[127.10861206054688,35.50570678710949],[127.12530517578125,35.527099609375],[127.11932373046875,35.53729248046881],[127.09408569335949,35.55670166015625],[127.09832763671875,35.570922851562614],[127.11868286132824,35.583984375],[127.1050033569336,35.606651306152344]]]}},{"type":"Feature","properties":{"ID_0":211,"ISO":"KOR","NAME_0":"South Korea","ID_1":13,"NAME_1":"Jeollabuk-do","ID_2":170,"NAME_2":"Jangsu","NL_NAME_2":"???| ???","VARNAME_2":null,"TYPE_2":"Gun","ENGTYPE_2":"County"},"geometry":{"type":"Polygon","coordinates":[[[127.76148986816418,35.7742919921875],[127.73687744140636,35.75732421875],[127.71649169921875,35.751708984375114],[127.6925048828125,35.71710205078125],[127.69760131835938,35.69149780273432],[127.69470214843761,35.67230224609381],[127.67510223388672,35.65879440307617],[127.66619873046875,35.64239501953131],[127.67599487304699,35.595977783203125],[127.62908935546886,35.53509521484369],[127.6465072631836,35.4901962280274],[127.63180541992188,35.48858642578125],[127.62738037109386,35.482696533203125],[127.63941955566418,35.44049072265619],[127.62408447265648,35.414489746093864],[127.60992431640625,35.412109375],[127.58221435546875,35.42962646484375],[127.57791137695312,35.440704345703125],[127.57974243164062,35.45652770996094],[127.55780029296875,35.48138427734381],[127.54730224609375,35.50640869140631],[127.5111083984375,35.521392822265625],[127.48419189453125,35.514923095703125],[127.46870422363293,35.53230285644537],[127.4412841796875,35.52508544921881],[127.42471313476562,35.52670288085932],[127.4090347290039,35.54079437255871],[127.4188232421875,35.557006835937614],[127.410400390625,35.5642547607423],[127.42329406738293,35.58070373535156],[127.45428466796875,35.591491699218864],[127.50048828125023,35.58990478515631],[127.52020263671886,35.597686767578125],[127.52850341796875,35.61920166015619],[127.51751708984386,35.651092529296875],[127.53224182128906,35.68658447265625],[127.57388305664062,35.723693847656364],[127.5772705078125,35.74688720703131],[127.57379150390636,35.77418518066412],[127.5804138183596,35.78289794921875],[127.60281372070312,35.78390502929693],[127.62516784667969,35.77714538574219],[127.6365966796875,35.76287841796875],[127.64419555664062,35.76510620117199],[127.66044616699219,35.789398193359375],[127.66383361816418,35.80415344238287],[127.67108154296886,35.813903808593864],[127.6805191040039,35.81493377685547],[127.68759155273438,35.80337524414068],[127.72827148437511,35.801879882812614],[127.76148986816418,35.7742919921875]]]}},{"type":"Feature","properties":{"ID_0":211,"ISO":"KOR","NAME_0":"South Korea","ID_1":13,"NAME_1":"Jeollabuk-do","ID_2":171,"NAME_2":"Jeongeup","NL_NAME_2":"???| ???","VARNAME_2":null,"TYPE_2":"Si","ENGTYPE_2":"City"},"geometry":{"type":"Polygon","coordinates":[[[126.83142852783214,35.72122573852545],[126.8895263671875,35.735900878906364],[126.89739990234386,35.74539184570318],[126.89889526367188,35.75830078125],[126.905517578125,35.76092529296869],[126.93652343750011,35.74609375],[126.95077514648438,35.725402832031364],[126.9970703125,35.719116210937614],[127.01119995117188,35.6864013671875],[127.03387451171875,35.66452026367193],[127.0499267578125,35.661682128906364],[127.07640075683594,35.6724090576173],[127.09619140625011,35.663208007812614],[127.1050033569336,35.606651306152344],[127.11868286132824,35.583984375],[127.09832763671875,35.570922851562614],[127.09408569335949,35.55670166015625],[127.11932373046875,35.53729248046881],[127.12530517578125,35.527099609375],[127.10861206054688,35.50570678710949],[127.10878753662121,35.496967315673885],[127.0797119140625,35.50170898437494],[127.05471801757812,35.51284790039068],[127.02912902832031,35.53640747070324],[127.00640869140625,35.534301757812614],[126.9888916015625,35.54949951171881],[126.9803466796875,35.549392700195256],[126.9451904296875,35.51480102539068],[126.94229125976562,35.508178710937614],[126.94680786132824,35.494293212890625],[126.94097900390625,35.48129272460949],[126.93310546875011,35.4779052734375],[126.9136962890625,35.48028564453131],[126.90692138671898,35.47528076171881],[126.88320922851562,35.4788818359375],[126.87580108642578,35.463966369628906],[126.79117584228527,35.44148635864269],[126.78018188476562,35.50030517578131],[126.78298950195324,35.51898956298834],[126.77326965332043,35.55987930297857],[126.75432586669922,35.57133483886713],[126.72351074218761,35.56834793090832],[126.72990417480469,35.603691101074276],[126.72500610351574,35.633483886718864],[126.74665832519531,35.66636657714844],[126.78755187988293,35.67906951904308],[126.80410766601562,35.67977905273443],[126.82907104492188,35.690307617187614],[126.83331298828136,35.69702148437494],[126.83142852783214,35.72122573852545]]]}},{"type":"Feature","properties":{"ID_0":211,"ISO":"KOR","NAME_0":"South Korea","ID_1":13,"NAME_1":"Jeollabuk-do","ID_2":172,"NAME_2":"Jeonju","NL_NAME_2":"???| ???","VARNAME_2":null,"TYPE_2":"Si","ENGTYPE_2":"City"},"geometry":{"type":"Polygon","coordinates":[[[127.0540771484375,35.91107177734375],[127.07398986816406,35.915672302246094],[127.10269165039074,35.911193847656364],[127.12619018554688,35.918914794921875],[127.15579223632812,35.91604232788097],[127.1897888183596,35.86022949218756],[127.19778442382812,35.85952758789057],[127.20608520507812,35.865509033203125],[127.223876953125,35.85818481445324],[127.251953125,35.819046020507926],[127.24588012695324,35.801605224609375],[127.22575378417969,35.795341491699276],[127.21037292480469,35.779708862304744],[127.17019653320324,35.77850341796875],[127.160400390625,35.75662231445318],[127.10760498046886,35.75201416015625],[127.09156799316418,35.73415374755865],[127.07769775390636,35.74871826171869],[127.07690429687511,35.77331542968744],[127.08340454101574,35.781600952148494],[127.07381439209007,35.799621582031364],[127.08624267578136,35.82482147216791],[127.07321166992188,35.849792480468864],[127.0480651855471,35.856445312500114],[127.03388977050781,35.87937164306635],[127.0540771484375,35.91107177734375]]]}},{"type":"Feature","properties":{"ID_0":211,"ISO":"KOR","NAME_0":"South Korea","ID_1":13,"NAME_1":"Jeollabuk-do","ID_2":173,"NAME_2":"Jinan","NL_NAME_2":"???| ???","VARNAME_2":null,"TYPE_2":"Gun","ENGTYPE_2":"County"},"geometry":{"type":"Polygon","coordinates":[[[127.4329605102539,36.00449752807623],[127.46359252929688,35.989288330078125],[127.53738403320312,36.001586914062614],[127.55029296875011,35.97569274902338],[127.61487579345703,35.973602294921875],[127.62820434570312,35.95501708984381],[127.62600708007824,35.922424316406364],[127.64959716796875,35.91348266601574],[127.6506042480471,35.87443542480469],[127.67349243164085,35.85989379882824],[127.68420410156261,35.83731079101568],[127.6805191040039,35.81493377685547],[127.67108154296886,35.813903808593864],[127.66383361816418,35.80415344238287],[127.66044616699219,35.789398193359375],[127.64419555664062,35.76510620117199],[127.6365966796875,35.76287841796875],[127.62516784667969,35.77714538574219],[127.59649658203136,35.784729003906364],[127.5804138183596,35.78289794921875],[127.57379150390636,35.77418518066412],[127.5772705078125,35.74688720703131],[127.57388305664062,35.723693847656364],[127.53224182128906,35.68658447265625],[127.51751708984386,35.651092529296875],[127.51763916015625,35.64250183105469],[127.52752685546875,35.62628173828125],[127.52728271484375,35.612304687500114],[127.52020263671886,35.597686767578125],[127.50048828125023,35.58990478515631],[127.47663879394531,35.592468261718864],[127.47409057617188,35.614379882812614],[127.4232177734375,35.63238525390625],[127.39657592773449,35.63629150390631],[127.38154602050793,35.64495849609369],[127.3623046875,35.646697998046875],[127.34799194335938,35.664093017578125],[127.32952880859375,35.6680908203125],[127.32350158691418,35.6741943359375],[127.32308959960938,35.70629882812506],[127.31610107421886,35.73040771484369],[127.30950927734375,35.74090576171875],[127.28271484375011,35.76110839843744],[127.2966003417971,35.77481079101574],[127.29989624023449,35.785400390625],[127.3201141357423,35.795501708984375],[127.34065246582054,35.81604003906244],[127.33801269531261,35.837799072265625],[127.34687805175781,35.84535217285162],[127.3504867553711,35.860576629638615],[127.3684997558596,35.88214111328131],[127.36935424804688,35.90721130371088],[127.38800048828136,35.92291259765625],[127.38909912109398,35.94049072265631],[127.37925720214855,35.980590820312614],[127.385986328125,35.99121093750006],[127.4329605102539,36.00449752807623]]]}},{"type":"Feature","properties":{"ID_0":211,"ISO":"KOR","NAME_0":"South Korea","ID_1":13,"NAME_1":"Jeollabuk-do","ID_2":174,"NAME_2":"Muju","NL_NAME_2":"???| ???","VARNAME_2":null,"TYPE_2":"Gun","ENGTYPE_2":"County"},"geometry":{"type":"Polygon","coordinates":[[[127.64891815185558,36.01969146728527],[127.65394592285156,36.02401733398443],[127.66259765625,36.02007293701183],[127.67410278320324,36.004821777343864],[127.73480224609375,36.004272460937614],[127.75714874267578,35.991699218750114],[127.79449462890625,35.99310302734375],[127.826416015625,36.00650024414068],[127.84988403320312,35.99609374999994],[127.87928771972679,36.002128601074276],[127.91851806640625,35.94110107421881],[127.9114990234375,35.89752197265625],[127.91529083251953,35.871986389160156],[127.90480041503906,35.86059570312506],[127.88787841796898,35.85272216796875],[127.85848999023438,35.82339477539068],[127.8328857421875,35.82470703125006],[127.79809570312511,35.80868530273443],[127.77635192871105,35.81466674804699],[127.76470947265636,35.79931640625],[127.76148986816418,35.7742919921875],[127.72827148437511,35.801879882812614],[127.68759155273438,35.80337524414068],[127.6805191040039,35.81493377685547],[127.68292236328125,35.84500122070324],[127.66888427734375,35.86492919921875],[127.6506042480471,35.87443542480469],[127.64959716796875,35.91348266601574],[127.62600708007824,35.922424316406364],[127.62820434570312,35.95501708984381],[127.61487579345703,35.973602294921875],[127.64346313476562,35.9888916015625],[127.64891815185558,36.01969146728527]]]}},{"type":"Feature","properties":{"ID_0":211,"ISO":"KOR","NAME_0":"South Korea","ID_1":13,"NAME_1":"Jeollabuk-do","ID_2":175,"NAME_2":"Namwon","NL_NAME_2":"???| ???","VARNAME_2":null,"TYPE_2":"Si","ENGTYPE_2":"City"},"geometry":{"type":"Polygon","coordinates":[[[127.4090347290039,35.54079437255871],[127.42471313476562,35.52670288085932],[127.4412841796875,35.52508544921881],[127.46870422363293,35.53230285644537],[127.48419189453125,35.514923095703125],[127.5111083984375,35.521392822265625],[127.54730224609375,35.50640869140631],[127.55780029296875,35.48138427734381],[127.57974243164062,35.45652770996094],[127.57791137695312,35.440704345703125],[127.58221435546875,35.42962646484375],[127.61579895019531,35.41010665893555],[127.62408447265648,35.414489746093864],[127.63941955566418,35.44049072265619],[127.62738037109386,35.482696533203125],[127.63180541992188,35.48858642578125],[127.6465072631836,35.4901962280274],[127.6884765625,35.40249633789074],[127.69479370117188,35.37960815429699],[127.68109130859375,35.35980224609369],[127.64520263671875,35.35171508789068],[127.64131164550793,35.33680725097662],[127.6488037109375,35.316284179687614],[127.63769531250011,35.28649902343756],[127.61711883544922,35.26969146728521],[127.51361083984375,35.323913574218864],[127.46969604492188,35.328491210937614],[127.44189453125,35.32250976562506],[127.42646026611328,35.324020385742244],[127.39349365234398,35.29327392578125],[127.34129333496105,35.293762207031364],[127.31997680664062,35.2852783203125],[127.29164123535179,35.297817230224666],[127.24688720703136,35.29730224609375],[127.22578430175781,35.30324172973644],[127.22070312500011,35.31927490234381],[127.23040771484398,35.32870483398449],[127.23529052734375,35.34539794921881],[127.24951171875011,35.36431884765631],[127.27780151367188,35.36999511718756],[127.28228759765648,35.38888549804693],[127.31629943847668,35.39585876464838],[127.33728027343761,35.4168701171875],[127.35025024414074,35.4385986328125],[127.34159088134766,35.45650482177729],[127.34793090820324,35.46784973144537],[127.38536071777355,35.47134399414074],[127.39251708984375,35.475799560546875],[127.39532470703125,35.48168945312494],[127.38400268554699,35.49700927734375],[127.38641357421875,35.52011108398443],[127.4090347290039,35.54079437255871]]]}},{"type":"Feature","properties":{"ID_0":211,"ISO":"KOR","NAME_0":"South Korea","ID_1":13,"NAME_1":"Jeollabuk-do","ID_2":176,"NAME_2":"Sunchang","NL_NAME_2":"???| ???","VARNAME_2":null,"TYPE_2":"Gun","ENGTYPE_2":"County"},"geometry":{"type":"Polygon","coordinates":[[[127.10878753662121,35.496967315673885],[127.15570068359386,35.47509765625006],[127.16192626953125,35.46490478515619],[127.15350341796875,35.44650268554693],[127.15838623046886,35.440704345703125],[127.18771362304699,35.44061279296881],[127.19711303710938,35.45590209960949],[127.21768188476574,35.47061157226574],[127.2279052734375,35.47167968750006],[127.24551391601574,35.46810913085949],[127.26141357421875,35.45507812500006],[127.27670288085938,35.46261596679682],[127.29528808593761,35.44821166992193],[127.31588745117199,35.456481933593864],[127.34159088134766,35.45650482177729],[127.35025024414074,35.4385986328125],[127.33728027343761,35.4168701171875],[127.31629943847668,35.39585876464838],[127.28750610351574,35.39260864257807],[127.28228759765648,35.38888549804693],[127.27780151367188,35.36999511718756],[127.24951171875011,35.36431884765631],[127.23529052734375,35.34539794921881],[127.23040771484398,35.32870483398449],[127.22070312500011,35.31927490234381],[127.22578430175781,35.30324172973644],[127.15447998046875,35.29400634765619],[127.1282958984375,35.30590820312506],[127.1063461303711,35.30735015869135],[127.10571289062511,35.32708740234381],[127.1160888671875,35.35369873046869],[127.11380004882812,35.36239624023443],[127.09020233154297,35.38082504272472],[127.06461334228516,35.42618942260748],[127.05133056640636,35.430908203125114],[127.03357696533226,35.4091682434082],[127.00650024414074,35.38619995117193],[126.99365997314453,35.38099670410156],[126.97076416015625,35.3907470703125],[126.95770263671886,35.41229248046875],[126.87580108642578,35.463966369628906],[126.88320922851562,35.4788818359375],[126.90692138671898,35.47528076171881],[126.9136962890625,35.48028564453131],[126.93310546875011,35.4779052734375],[126.94097900390625,35.48129272460949],[126.94680786132824,35.494293212890625],[126.94229125976562,35.508178710937614],[126.9451904296875,35.51480102539068],[126.9803466796875,35.549392700195256],[126.9888916015625,35.54949951171881],[127.00640869140625,35.534301757812614],[127.02912902832031,35.53640747070324],[127.05471801757812,35.51284790039068],[127.0797119140625,35.50170898437494],[127.10878753662121,35.496967315673885]]]}},{"type":"Feature","properties":{"ID_0":211,"ISO":"KOR","NAME_0":"South Korea","ID_1":13,"NAME_1":"Jeollabuk-do","ID_2":177,"NAME_2":"Wanju","NL_NAME_2":"???| ???","VARNAME_2":null,"TYPE_2":"Gun","ENGTYPE_2":"County"},"geometry":{"type":"MultiPolygon","coordinates":[[[[127.0738143920903,35.799621582031364],[127.01647949218784,35.814880371093864],[127.01129150390636,35.830505371093864],[127.02292633056652,35.869739532470646],[127.03388977050815,35.87937164306635],[127.04806518554733,35.856445312500114],[127.07321166992188,35.849792480468864],[127.07928466796909,35.84188842773443],[127.08590698242222,35.818298339843864],[127.0738143920903,35.799621582031364]]],[[[127.34167480468784,36.09613037109381],[127.37231445312545,36.05987548828148],[127.38980102539097,36.02084350585966],[127.4329605102539,36.00449752807623],[127.38598632812534,35.99121093750023],[127.37925720214878,35.980590820312784],[127.3890991210942,35.94049072265631],[127.38800048828148,35.92291259765625],[127.36935424804688,35.90721130371088],[127.36849975585983,35.88214111328131],[127.3504867553711,35.860576629638615],[127.34687805175815,35.84535217285162],[127.33801269531261,35.837799072265796],[127.34065246582077,35.81604003906244],[127.32011413574264,35.795501708984375],[127.29989624023483,35.785400390625],[127.29290771484409,35.77008056640619],[127.27348327636719,35.75515747070324],[127.27369689941406,35.745254516601676],[127.28334045410156,35.72755432128923],[127.27407836914062,35.70858764648443],[127.28308105468761,35.69658279418945],[127.27925872802746,35.68964385986328],[127.26568603515625,35.687072753906364],[127.25210571289085,35.69360351562517],[127.1999664306644,35.72833251953125],[127.16374206542969,35.719398498535156],[127.13540649414062,35.680877685546875],[127.15219116210938,35.64779663085949],[127.15225219726585,35.63903808593744],[127.1050033569336,35.606651306152344],[127.09887695312534,35.657714843750114],[127.09619140625045,35.663208007812784],[127.07640075683594,35.6724090576173],[127.08660888671886,35.684204101562614],[127.08120727539085,35.707000732421875],[127.09088134765625,35.72366333007818],[127.09156799316418,35.73415374755865],[127.10760498046886,35.75201416015625],[127.160400390625,35.75662231445318],[127.17019653320358,35.77850341796875],[127.21037292480469,35.779708862304744],[127.2257537841798,35.795341491699276],[127.24588012695324,35.801605224609375],[127.251953125,35.8190460205081],[127.2164916992192,35.863983154296875],[127.18978881835983,35.86022949218756],[127.15579223632812,35.91604232788097],[127.12619018554699,35.918914794921875],[127.10269165039097,35.911193847656364],[127.07398986816406,35.915672302246094],[127.0540771484375,35.91107177734375],[127.04510498046875,35.91949462890648],[127.04598999023449,35.925292968750114],[127.05181884765659,35.93429565429682],[127.0906982421875,35.93609619140648],[127.1099243164067,35.94891357421881],[127.11358642578125,35.95700073242182],[127.10949707031261,35.979675292968864],[127.11737823486362,35.995948791503906],[127.11401367187523,36.01049804687506],[127.13211059570347,36.045288085937614],[127.12618255615234,36.06727600097656],[127.132080078125,36.08020401000982],[127.14538574218773,36.07748413085966],[127.20010375976574,36.09729003906256],[127.21520996093795,36.089599609375],[127.22698974609386,36.089202880859375],[127.24050903320312,36.1044921875],[127.30648803710938,36.12807464599621],[127.34167480468784,36.09613037109381]]]]}},{"type":"Feature","properties":{"ID_0":211,"ISO":"KOR","NAME_0":"South Korea","ID_1":14,"NAME_1":"Jeollanam-do","ID_2":178,"NAME_2":"Boseong","NL_NAME_2":"???| ???","VARNAME_2":null,"TYPE_2":"Gun","ENGTYPE_2":"County"},"geometry":{"type":"MultiPolygon","coordinates":[[[[127.51069641113281,34.76180648803711],[127.51486206054722,34.75875091552763],[127.5162506103519,34.75458145141624],[127.50846862792969,34.758193969726676],[127.51069641113281,34.76180648803711]]],[[[127.50347137451206,34.76514053344755],[127.50680541992199,34.7645835876466],[127.50458526611328,34.76291656494146],[127.50347137451206,34.76514053344755]]],[[[127.49208068847656,34.76791763305664],[127.49624633789085,34.760971069336165],[127.5048599243164,34.75458145141624],[127.49930572509766,34.751804351806754],[127.48958587646484,34.76569366455078],[127.49208068847656,34.76791763305664]]],[[[127.45347595214844,34.767082214355696],[127.45652770996094,34.76736068725609],[127.45625305175793,34.766803741455135],[127.45347595214844,34.767082214355696]]],[[[127.43208312988315,34.775138854980526],[127.43708038330078,34.77652740478527],[127.43708038330078,34.77486038208036],[127.43208312988315,34.775138854980526]]],[[[127.47097015380882,34.78513717651373],[127.47513580322277,34.784305572509766],[127.47541809082031,34.78208160400408],[127.47208404541027,34.78152847290045],[127.47097015380882,34.78513717651373]]],[[[127.39125061035202,34.783748626708984],[127.39402770996094,34.783748626708984],[127.39291381835983,34.78291702270519],[127.39125061035202,34.783748626708984]]],[[[127.41625213623081,34.78652954101585],[127.42430877685558,34.78236007690424],[127.42736053466808,34.78569412231451],[127.43069458007824,34.7790260314942],[127.41735839843761,34.78152847290045],[127.41625213623081,34.78652954101585]]],[[[127.45847320556663,34.78625106811546],[127.46152496337913,34.78652954101585],[127.46125030517624,34.78319549560558],[127.45847320556663,34.78625106811546]]],[[[127.47152709960949,34.792640686035384],[127.47624969482422,34.792640686035384],[127.4759750366211,34.79069519042969],[127.47152709960949,34.792640686035384]]],[[[127.42736053466808,34.80347061157255],[127.42930603027344,34.802360534668196],[127.42736053466808,34.801528930664006],[127.42736053466808,34.80347061157255]]],[[[127.46375274658237,34.80569458007824],[127.47013854980469,34.795696258545036],[127.46485900878918,34.792640686035384],[127.47069549560547,34.787082672119254],[127.46569824218761,34.78541564941412],[127.45986175537155,34.79236221313482],[127.45319366455124,34.789306640625114],[127.45319366455124,34.778472900390625],[127.43958282470737,34.7790260314942],[127.44930267334018,34.787639617920206],[127.4473648071289,34.798473358154354],[127.45986175537155,34.792640686035384],[127.46375274658237,34.80569458007824]]],[[[127.43846893310547,34.81124877929682],[127.4440307617192,34.80680465698242],[127.43597412109398,34.80902862548828],[127.43846893310547,34.81124877929682]]],[[[127.45097351074253,34.81152725219738],[127.45236206054722,34.810417175293026],[127.45014190673874,34.80930709838867],[127.45097351074253,34.81152725219738]]],[[[127.26065063476562,34.883285522460994],[127.27072906494175,34.88316726684576],[127.28936767578136,34.8987083435058],[127.32012939453159,34.900424957275334],[127.33046722412121,34.893180847168026],[127.35042572021507,34.8630561828615],[127.37089538574219,34.85292053222662],[127.38262939453136,34.836528778076115],[127.35847473144531,34.834304809570426],[127.3826370239259,34.82708358764654],[127.39236450195324,34.8143043518067],[127.41097259521518,34.816249847412394],[127.41902923583984,34.81152725219738],[127.42597198486374,34.815971374512],[127.42736053466808,34.81180572509777],[127.39514160156284,34.79652786254883],[127.39597320556686,34.789859771728516],[127.38764190673862,34.787639617920206],[127.38680267333984,34.7790260314942],[127.3329010009769,34.77798461914068],[127.31639862060547,34.7526397705081],[127.30403137207077,34.74958419799805],[127.29624938964855,34.74180603027355],[127.29208374023472,34.73041534423828],[127.2859725952153,34.7362518310548],[127.27847290039108,34.734027862548885],[127.27958679199219,34.7387504577639],[127.27291870117188,34.7412490844726],[127.26069641113281,34.73208236694359],[127.24485778808616,34.760139465331974],[127.22958374023472,34.757637023925895],[127.21041870117199,34.7387504577639],[127.20652770996094,34.71847152709978],[127.18763732910179,34.696250915527514],[127.1781921386721,34.69180679321289],[127.14263916015625,34.692638397216854],[127.12875366210983,34.70319366455084],[127.09764099121094,34.67124938964838],[127.06735992431652,34.66347122192411],[127.06153106689464,34.65625],[127.06375122070335,34.65152740478521],[127.04597473144577,34.634582519531534],[127.0386428833009,34.63652801513683],[127.04511260986328,34.65086364746111],[127.02420043945312,34.68769836425781],[126.99101257324219,34.689712524414176],[126.97879791259766,34.69733810424805],[126.9773406982423,34.71084976196306],[126.98633575439487,34.724418640137],[127.0068359375,34.72616195678734],[127.01718902587902,34.73208999633795],[127.02820587158203,34.77125930786144],[127.0262603759769,34.79985046386719],[127.03960418701206,34.826110839843864],[127.06127929687545,34.83270263671881],[127.09475708007812,34.87760543823265],[127.099853515625,34.92425918579096],[127.13411712646496,34.950069427490234],[127.15847778320312,34.957611083984375],[127.20085144043014,34.98236465454107],[127.20948791503952,34.98181915283203],[127.21665954589844,34.97168350219732],[127.22109985351574,34.94790649414068],[127.24153137207077,34.93475341796881],[127.24505615234375,34.90121459960943],[127.26065063476562,34.883285522460994]]]]}},{"type":"Feature","properties":{"ID_0":211,"ISO":"KOR","NAME_0":"South Korea","ID_1":14,"NAME_1":"Jeollanam-do","ID_2":179,"NAME_2":"Damyang","NL_NAME_2":"???| ???","VARNAME_2":null,"TYPE_2":"Gun","ENGTYPE_2":"County"},"geometry":{"type":"Polygon","coordinates":[[[126.99365997314453,35.38099670410156],[127.00650024414074,35.38619995117193],[127.03357696533226,35.4091682434082],[127.05133056640636,35.430908203125114],[127.07122802734375,35.420501708984375],[127.09020233154297,35.38082504272472],[127.11380004882812,35.36239624023443],[127.1160888671875,35.35369873046869],[127.10571289062511,35.32708740234381],[127.10317993164062,35.29092407226574],[127.11502075195335,35.266296386718864],[127.11758422851562,35.24621582031256],[127.10800170898449,35.211273193359375],[127.13391113281261,35.17767333984375],[127.08700561523449,35.15951538085949],[127.08541870117188,35.140899658203125],[127.10198974609375,35.12380981445324],[127.10150146484386,35.11560058593756],[127.09442138671898,35.11248779296875],[127.02065277099621,35.117927551269645],[127.03045654296875,35.139846801757926],[127.02850341796875,35.152656555175895],[127.00293731689464,35.16553497314459],[126.97070312500011,35.170074462890625],[126.97332763671886,35.18572998046875],[126.968505859375,35.200683593750114],[126.9156265258789,35.22182464599615],[126.88940429687511,35.262176513671875],[126.89001464843761,35.27770996093756],[126.90764617919922,35.29093170166027],[126.90383911132812,35.31166076660162],[126.91284179687523,35.32693481445318],[126.94479370117188,35.336318969726676],[126.99365997314453,35.38099670410156]]]}},{"type":"Feature","properties":{"ID_0":211,"ISO":"KOR","NAME_0":"South Korea","ID_1":14,"NAME_1":"Jeollanam-do","ID_2":180,"NAME_2":"Gangjin","NL_NAME_2":"???| ???","VARNAME_2":null,"TYPE_2":"Gun","ENGTYPE_2":"County"},"geometry":{"type":"MultiPolygon","coordinates":[[[[126.81180572509811,34.449584960937614],[126.81346893310592,34.44902801513683],[126.81180572509811,34.44791793823248],[126.81180572509811,34.449584960937614]]],[[[126.78819274902344,34.461250305175724],[126.79152679443405,34.46263885498047],[126.78847503662155,34.46041488647478],[126.78819274902344,34.461250305175724]]],[[[126.77958679199253,34.53847122192383],[126.78541564941406,34.534862518310774],[126.78319549560592,34.53069305419939],[126.77764129638683,34.532081604003906],[126.77958679199253,34.53847122192383]]],[[[126.78180694580124,34.564304351806754],[126.78291320800781,34.56208419799805],[126.78125000000011,34.56263732910162],[126.78180694580124,34.564304351806754]]],[[[126.81424713134777,34.771034240722656],[126.82557678222656,34.7392005920413],[126.84696960449253,34.72736358642578],[126.8559494018557,34.68454360961914],[126.8800888061528,34.62126541137718],[126.86791229248047,34.59067916870134],[126.86833190918003,34.58454132080101],[126.8769226074221,34.57873916625982],[126.88284301757835,34.54951095581055],[126.84955596923851,34.5157356262207],[126.84589385986374,34.50662612915062],[126.84402465820335,34.44819259643549],[126.83847045898449,34.452915191650504],[126.82986450195358,34.44763946533209],[126.81819152832031,34.44819259643549],[126.81097412109375,34.45458221435541],[126.8068084716798,34.450138092041016],[126.8076400756836,34.46847152709961],[126.78569793701172,34.46902847290039],[126.78791809082043,34.47763824462902],[126.79680633544956,34.479862213134936],[126.79069519043003,34.496250152587834],[126.79180908203125,34.51069259643583],[126.78680419921898,34.51235961914074],[126.79069519043003,34.54124832153332],[126.79792022705078,34.54791641235363],[126.79235839843784,34.54791641235363],[126.78930664062534,34.55347061157221],[126.79541778564487,34.567359924316406],[126.78624725341842,34.576248168945426],[126.78847503662155,34.58708190917997],[126.77791595459018,34.59458160400385],[126.78180694580124,34.59791564941412],[126.77791595459018,34.61902618408203],[126.78874969482422,34.6398620605471],[126.7820816040039,34.63430404663097],[126.7787475585942,34.62152862548828],[126.7701416015625,34.61597061157232],[126.7715301513673,34.597084045410156],[126.76430511474655,34.558471679687784],[126.76819610595737,34.55458450317394],[126.76763916015648,34.54124832153332],[126.76403045654297,34.53347396850586],[126.77291870117188,34.5273628234865],[126.75875091552746,34.52430725097662],[126.76152801513695,34.502639770507756],[126.76597595214889,34.49902725219732],[126.75902557373058,34.496250152587834],[126.75902557373058,34.490970611572266],[126.73902893066429,34.48625183105486],[126.74903106689464,34.47263717651367],[126.73513793945347,34.455162048340014],[126.6950836181644,34.4677467346192],[126.68305969238327,34.476795196533146],[126.6758956909182,34.50846099853521],[126.69364929199219,34.54286956787121],[126.69538116455078,34.55826950073242],[126.67977905273449,34.56818771362305],[126.67427062988304,34.59118270874052],[126.6898422241211,34.62145614624046],[126.69528198242222,34.652256011963004],[126.70526123046898,34.67666244506847],[126.68093872070324,34.68056869506836],[126.67569732666038,34.72727203369169],[126.6972579956057,34.752994537353686],[126.70926666259788,34.75839996337902],[126.75027465820335,34.75178527832031],[126.80374145507858,34.77347183227562],[126.81424713134777,34.771034240722656]]]]}},{"type":"Feature","properties":{"ID_0":211,"ISO":"KOR","NAME_0":"South Korea","ID_1":14,"NAME_1":"Jeollanam-do","ID_2":181,"NAME_2":"Goheung","NL_NAME_2":"???| ???","VARNAME_2":null,"TYPE_2":"Gun","ENGTYPE_2":"County"},"geometry":{"type":"MultiPolygon","coordinates":[[[[127.49208068847656,34.39791488647484],[127.49930572509766,34.39736175537104],[127.49930572509766,34.39597320556669],[127.49208068847656,34.39791488647484]]],[[[127.21097564697277,34.418193817138956],[127.21514129638672,34.41875076293951],[127.21430206298828,34.41652679443365],[127.21097564697277,34.418193817138956]]],[[[127.12430572509788,34.42541503906267],[127.12403106689499,34.42180633544922],[127.1245803833009,34.420139312744254],[127.12208557128918,34.42124938964844],[127.12430572509788,34.42541503906267]]],[[[127.22875213623092,34.429306030273494],[127.22597503662132,34.429584503173885],[127.22902679443382,34.4309730529788],[127.22875213623092,34.429306030273494]]],[[[127.34069824218773,34.43013763427746],[127.3429183959961,34.43125152587919],[127.34263610839878,34.429862976074446],[127.34069824218773,34.43013763427746]]],[[[127.32930755615234,34.43597412109381],[127.33152770996105,34.43430709838867],[127.32902526855514,34.434860229492244],[127.32930755615234,34.43597412109381]]],[[[127.3206939697269,34.43736267089872],[127.32847595214855,34.43430709838867],[127.32958221435547,34.43264007568354],[127.3206939697269,34.43069458007824],[127.3206939697269,34.43736267089872]]],[[[127.2923583984375,34.43875122070307],[127.29624938964855,34.43652725219738],[127.29180908203125,34.43624877929699],[127.2923583984375,34.43875122070307]]],[[[127.22347259521518,34.43986129760742],[127.22736358642624,34.44013977050781],[127.22708129882812,34.43875122070307],[127.22347259521518,34.43986129760742]]],[[[127.36624908447277,34.440971374511776],[127.36930847167991,34.44013977050781],[127.36624908447277,34.43958282470726],[127.36624908447277,34.440971374511776]]],[[[127.3023605346682,34.4429168701173],[127.30569458007835,34.441249847412166],[127.3106918334961,34.44263839721691],[127.30791473388706,34.43902969360346],[127.31597137451183,34.44152832031256],[127.30958557128918,34.43013763427746],[127.29763793945312,34.43680572509777],[127.3023605346682,34.4429168701173]]],[[[127.09208679199219,34.44263839721691],[127.0948638916019,34.441249847412166],[127.09236145019554,34.44069290161161],[127.09208679199219,34.44263839721691]]],[[[127.54208374023449,34.44486236572283],[127.5470809936528,34.44319534301769],[127.54680633544922,34.44208145141596],[127.53958129882812,34.4404182434082],[127.54208374023449,34.44486236572283]]],[[[127.30319213867199,34.444305419921875],[127.30708312988327,34.444305419921875],[127.30652618408214,34.44263839721691],[127.30319213867199,34.444305419921875]]],[[[127.29513549804722,34.44902801513683],[127.29486083984375,34.44486236572283],[127.289306640625,34.4404182434082],[127.29013824462902,34.44763946533209],[127.29513549804722,34.44902801513683]]],[[[127.36902618408226,34.45208358764671],[127.37152862548828,34.45180511474615],[127.36985778808605,34.4506950378418],[127.36902618408226,34.45208358764671]]],[[[127.2820816040039,34.4548606872558],[127.28485870361328,34.45375061035162],[127.28375244140659,34.452915191650504],[127.2820816040039,34.4548606872558]]],[[[127.36347198486362,34.453193664551065],[127.36347198486362,34.455417633056754],[127.36513519287143,34.455970764160156],[127.36736297607467,34.455417633056754],[127.36347198486362,34.453193664551065]]],[[[127.35958099365257,34.46236038208008],[127.36125183105514,34.460971832275334],[127.35930633544922,34.46069335937517],[127.35958099365257,34.46236038208008]]],[[[127.0848617553711,34.46569442749035],[127.09375,34.46347045898443],[127.0906982421875,34.45097351074236],[127.08958435058628,34.460971832275334],[127.08152770996094,34.46208190917969],[127.0848617553711,34.46569442749035]]],[[[127.44347381591808,34.4668045043947],[127.45014190673874,34.464584350585994],[127.45014190673874,34.45652770996094],[127.44958496093761,34.460971832275334],[127.44347381591808,34.4668045043947]]],[[[127.36902618408226,34.47263717651367],[127.37291717529308,34.470138549804744],[127.36902618408226,34.47180557250988],[127.36902618408226,34.47263717651367]]],[[[127.45735931396484,34.476528167724666],[127.47013854980469,34.47236251831083],[127.47264099121139,34.464584350585994],[127.49097442626964,34.46541595458996],[127.48347473144531,34.458751678467024],[127.49319458007835,34.458473205566634],[127.49791717529297,34.467361450195256],[127.50375366210949,34.46263885498047],[127.50569152832077,34.47375106811518],[127.52069091796875,34.45375061035162],[127.53763580322288,34.44847106933588],[127.5348587036134,34.44319534301769],[127.53874969482433,34.43041610717785],[127.53069305419956,34.42208480834961],[127.52014160156295,34.426250457763615],[127.5018081665039,34.414859771728516],[127.48680877685592,34.41319274902338],[127.4943084716798,34.42541503906267],[127.49208068847656,34.43264007568354],[127.48374938964866,34.43708419799816],[127.47430419921898,34.43264007568354],[127.46152496337913,34.443748474121094],[127.46569824218761,34.447082519531534],[127.4812469482423,34.44180679321295],[127.48486328125011,34.44930648803722],[127.46430206298874,34.452640533447266],[127.45263671875011,34.44597244262718],[127.44958496093761,34.44819259643549],[127.45819091796898,34.4523620605471],[127.45236206054722,34.46902847290039],[127.45735931396484,34.476528167724666]]],[[[127.23596954345714,34.476249694824276],[127.23874664306663,34.473472595215014],[127.23542022705124,34.47402954101557],[127.23596954345714,34.476249694824276]]],[[[127.4045867919923,34.48180389404325],[127.40569305419967,34.47458267211937],[127.39680480957065,34.4787483215332],[127.39986419677734,34.481529235839844],[127.4045867919923,34.48180389404325]]],[[[127.44652557373058,34.48402786254894],[127.4459686279298,34.47152709960949],[127.4406967163086,34.46875],[127.43569183349655,34.47375106811518],[127.44652557373058,34.48402786254894]]],[[[127.39402770996094,34.4926376342774],[127.39819335937534,34.49319458007818],[127.39958190917969,34.48986053466791],[127.39402770996094,34.4926376342774]]],[[[127.21680450439487,34.49569320678728],[127.23542022705124,34.479026794433594],[127.21763610839889,34.43680572509777],[127.20874786376953,34.429584503173885],[127.16596984863293,34.435138702392635],[127.1618041992192,34.42763900756836],[127.15513610839878,34.43125152587919],[127.14347076416027,34.42874908447271],[127.14208221435547,34.420139312744254],[127.13652801513672,34.42874908447271],[127.1245803833009,34.43069458007824],[127.12403106689499,34.43680572509777],[127.11541748046886,34.43875122070307],[127.11624908447266,34.44819259643549],[127.10847473144554,34.447082519531534],[127.10819244384788,34.44180679321295],[127.09902954101574,34.44263839721691],[127.09902954101574,34.450416564941406],[127.10597229003918,34.4548606872558],[127.09263610839878,34.470138549804744],[127.09625244140659,34.47375106811518],[127.10208129882824,34.46847152709961],[127.11374664306675,34.475971221923885],[127.11736297607467,34.48374938964855],[127.11125183105514,34.484859466552734],[127.11541748046886,34.49013900756847],[127.11875152587902,34.48680496215826],[127.12374877929688,34.490695953369254],[127.12819671630871,34.4781951904298],[127.13652801513672,34.479026794433594],[127.13625335693393,34.47291564941406],[127.14236450195347,34.47263717651367],[127.148193359375,34.48041534423834],[127.162635803223,34.479305267333984],[127.17680358886719,34.49152755737305],[127.18958282470703,34.494304656982536],[127.20069122314464,34.487915039062614],[127.21680450439487,34.49569320678728]]],[[[127.23152923583984,34.49291610717779],[127.23847198486374,34.4945831298831],[127.23542022705124,34.491249084472656],[127.23152923583984,34.49291610717779]]],[[[127.12930297851562,34.496528625488395],[127.12819671630871,34.4970817565918],[127.1298599243164,34.49819564819336],[127.12930297851562,34.496528625488395]]],[[[127.14624786376976,34.49819564819336],[127.14986419677757,34.496250152587834],[127.14597320556686,34.494304656982536],[127.14624786376976,34.49819564819336]]],[[[127.26847076416016,34.49819564819336],[127.27208709716797,34.496807098388786],[127.26902770996094,34.496528625488395],[127.26847076416016,34.49819564819336]]],[[[127.11347198486328,34.50041580200207],[127.11513519287143,34.49930572509771],[127.11347198486328,34.49902725219732],[127.11347198486328,34.50041580200207]]],[[[127.14736175537121,34.50291824340832],[127.15041351318371,34.502361297607365],[127.14847564697266,34.50069427490246],[127.14736175537121,34.50291824340832]]],[[[127.50263977050827,34.505138397216854],[127.50096893310547,34.502361297607365],[127.49903106689487,34.50458145141607],[127.50263977050827,34.505138397216854]]],[[[127.41236114501953,34.51235961914074],[127.4148635864259,34.51069259643583],[127.4120864868164,34.510971069335994],[127.41236114501953,34.51235961914074]]],[[[127.46791839599632,34.514583587646655],[127.46902465820358,34.51235961914074],[127.46736145019577,34.51319503784191],[127.46791839599632,34.514583587646655]]],[[[127.4120864868164,34.51652908325195],[127.41458129882824,34.51514053344721],[127.412635803223,34.514305114746094],[127.4120864868164,34.51652908325195]]],[[[127.16458129882812,34.52180480957037],[127.1620864868164,34.5179176330567],[127.1595840454105,34.51874923706066],[127.15930175781261,34.520137786865234],[127.16458129882812,34.52180480957037]]],[[[127.12847137451172,34.52402877807623],[127.13791656494152,34.51819610595709],[127.13319396972702,34.5159721374514],[127.13097381591831,34.505695343017635],[127.11958312988281,34.50736236572294],[127.11347198486328,34.50180435180681],[127.10958099365234,34.50902938842768],[127.09764099121094,34.50958251953148],[127.10541534423862,34.51763916015631],[127.10986328125045,34.51514053344721],[127.10763549804733,34.519859313964844],[127.11152648925804,34.52180480957037],[127.12180328369152,34.51263809204113],[127.12847137451172,34.52402877807623]]],[[[127.21319580078148,34.52458190917963],[127.21485900878906,34.52486038208002],[127.21458435058639,34.52430725097662],[127.21319580078148,34.52458190917963]]],[[[127.45958709716797,34.54569625854492],[127.47402954101608,34.544303894043196],[127.4790267944336,34.53625106811552],[127.47235870361328,34.52875137329124],[127.45903015136753,34.52763748168951],[127.47041320800827,34.52375030517584],[127.47569274902389,34.51374816894531],[127.46791839599632,34.5179176330567],[127.45791625976562,34.51374816894531],[127.46458435058616,34.508472442627124],[127.46485900878918,34.51319503784191],[127.48069763183616,34.50958251953148],[127.4840240478519,34.50485992431646],[127.48652648925781,34.50958251953148],[127.49180603027344,34.50819396972673],[127.50624847412121,34.490417480468864],[127.49458312988327,34.48374938964855],[127.48930358886753,34.48430633544933],[127.48930358886753,34.48986053466791],[127.48430633544933,34.48374938964855],[127.47041320800827,34.48319625854498],[127.46902465820358,34.48652648925787],[127.46097564697266,34.48402786254894],[127.46319580078125,34.4801406860351],[127.45903015136753,34.4781951904298],[127.45097351074253,34.479305267333984],[127.44930267334018,34.48680496215826],[127.44097137451172,34.490970611572266],[127.45847320556663,34.505973815918026],[127.45153045654342,34.5065269470216],[127.45597076416027,34.511249542236385],[127.44902801513683,34.51708221435575],[127.44013977050793,34.51569366455101],[127.43430328369186,34.520416259765625],[127.44319152832043,34.5273628234865],[127.43930816650413,34.5298614501956],[127.4470825195317,34.537918090820426],[127.45958709716797,34.54569625854492]]],[[[127.45263671875011,34.54791641235363],[127.44819641113281,34.53958511352539],[127.44180297851608,34.53985977172857],[127.44847106933639,34.54763793945324],[127.45263671875011,34.54791641235363]]],[[[127.44430541992188,34.54875183105497],[127.44652557373058,34.54735946655285],[127.4437484741211,34.54791641235363],[127.44430541992188,34.54875183105497]]],[[[127.43569183349655,34.55402755737316],[127.43846893310547,34.55291748046881],[127.43846893310547,34.55125045776367],[127.43569183349655,34.55402755737316]]],[[[127.44264221191429,34.55347061157221],[127.44652557373058,34.55402755737316],[127.44569396972679,34.552639007568416],[127.44264221191429,34.55347061157221]]],[[[127.45764160156284,34.55625152587908],[127.46125030517624,34.555694580078125],[127.45819091796898,34.55402755737316],[127.45764160156284,34.55625152587908]]],[[[127.45735931396484,34.570415496826286],[127.45986175537155,34.564861297607706],[127.45874786376964,34.5631942749024],[127.45513916015648,34.56513977050787],[127.45735931396484,34.570415496826286]]],[[[127.47041320800827,34.570415496826286],[127.47152709960949,34.564582824707315],[127.46624755859375,34.56291580200201],[127.46624755859375,34.56874847412115],[127.47041320800827,34.570415496826286]]],[[[127.47402954101608,34.573192596435774],[127.476806640625,34.57097244262724],[127.47208404541027,34.57125091552763],[127.47402954101608,34.573192596435774]]],[[[127.41819763183594,34.5745849609375],[127.43013763427746,34.56513977050787],[127.40264129638717,34.56236267089861],[127.4170837402346,34.570137023925895],[127.41819763183594,34.5745849609375]]],[[[127.45236206054722,34.5745849609375],[127.45486450195312,34.572917938232536],[127.45180511474632,34.572360992431584],[127.45236206054722,34.5745849609375]]],[[[127.44097137451172,34.569862365722884],[127.44958496093761,34.57541656494146],[127.45319366455124,34.561248779296875],[127.44847106933639,34.561805725097656],[127.444580078125,34.57180404663103],[127.44097137451172,34.569862365722884]]],[[[127.4151382446289,34.579029083251896],[127.42514038085938,34.581249237060604],[127.42375183105503,34.57485961914068],[127.4151382446289,34.579029083251896]]],[[[127.40736389160179,34.58708190917997],[127.40985870361328,34.587360382080135],[127.40791320800815,34.58625030517578],[127.40736389160179,34.58708190917997]]],[[[127.09735870361328,34.61236190795927],[127.10652923583984,34.605140686035384],[127.11069488525425,34.59597396850597],[127.09097290039062,34.59597396850597],[127.08875274658249,34.60402679443365],[127.09735870361328,34.61236190795927]]],[[[127.47125244140648,34.67430496215826],[127.46930694580078,34.6751403808596],[127.47152709960949,34.675693511963004],[127.47125244140648,34.67430496215826]]],[[[127.44847106933639,34.68069458007818],[127.45153045654342,34.678195953369254],[127.44847106933639,34.678749084472656],[127.44847106933639,34.68069458007818]]],[[[127.45124816894531,34.68486022949219],[127.45486450195312,34.684028625488224],[127.45430755615234,34.68319320678728],[127.45124816894531,34.68486022949219]]],[[[127.32041931152344,34.690692901611555],[127.32236480712902,34.68875122070341],[127.319580078125,34.68902587890625],[127.32041931152344,34.690692901611555]]],[[[127.45458221435592,34.687084197998104],[127.46375274658237,34.6895828247072],[127.45652770996094,34.68319320678728],[127.45458221435592,34.687084197998104]]],[[[127.45180511474632,34.696804046630916],[127.45291900634777,34.68930435180664],[127.44430541992188,34.69458389282238],[127.44541931152389,34.696804046630916],[127.45180511474632,34.696804046630916]]],[[[127.42624664306663,34.703247070312784],[127.4479141235355,34.69124984741211],[127.4479141235355,34.68513870239258],[127.44347381591808,34.68291854858404],[127.42986297607445,34.690418243408146],[127.42180633544922,34.70013809204113],[127.42624664306663,34.703247070312784]]],[[[127.42958068847679,34.70402908325195],[127.43374633789074,34.70430374145519],[127.43402862548828,34.7034721374514],[127.42958068847679,34.70402908325195]]],[[[127.41541290283203,34.70652770996105],[127.420692443848,34.70319366455084],[127.42124938964844,34.70124816894531],[127.41041564941429,34.702362060547046],[127.41541290283203,34.70652770996105]]],[[[127.44930267334018,34.70652770996105],[127.45069122314453,34.70458221435575],[127.44875335693382,34.70569610595709],[127.44930267334018,34.70652770996105]]],[[[127.42263793945312,34.70708465576183],[127.42791748046875,34.704860687256144],[127.42124938964844,34.70402908325195],[127.42263793945312,34.70708465576183]]],[[[127.29291534423851,34.70902633666998],[127.29430389404342,34.707359313964844],[127.29291534423851,34.70624923706049],[127.29291534423851,34.70902633666998]]],[[[127.41430664062511,34.714027404785156],[127.42208099365234,34.71208190917986],[127.412635803223,34.70902633666998],[127.41430664062511,34.714027404785156]]],[[[127.44763946533203,34.72180557250982],[127.44541931152389,34.70930480957037],[127.43846893310547,34.70569610595709],[127.43597412109398,34.710971832275675],[127.44180297851608,34.71014022827171],[127.44235992431663,34.72013854980469],[127.44763946533203,34.72180557250982]]],[[[127.39569091796875,34.72458267211931],[127.39986419677734,34.72375106811552],[127.40013885498047,34.72097396850586],[127.39541625976574,34.72041702270508],[127.39569091796875,34.72458267211931]]],[[[127.30069732666016,34.727916717529354],[127.30403137207077,34.725971221924055],[127.30041503906295,34.725418090820256],[127.30069732666016,34.727916717529354]]],[[[127.3076400756836,34.728473663330135],[127.31569671630871,34.725971221924055],[127.3131942749028,34.719028472900334],[127.30513763427734,34.72069549560547],[127.3076400756836,34.728473663330135]]],[[[127.30708312988327,34.734027862548885],[127.3101425170903,34.73291778564453],[127.30735778808594,34.73208236694359],[127.30708312988327,34.734027862548885]]],[[[127.30819702148438,34.73569488525402],[127.31041717529297,34.7368049621582],[127.3101425170903,34.73541641235363],[127.30819702148438,34.73569488525402]]],[[[127.3120803833009,34.73819351196295],[127.31458282470749,34.7368049621582],[127.3131942749028,34.7362518310548],[127.3120803833009,34.73819351196295]]],[[[127.46791839599632,34.74458312988287],[127.46902465820358,34.74680709838873],[127.46986389160156,34.74430465698248],[127.46791839599632,34.74458312988287]]],[[[127.3329010009769,34.77798461914068],[127.39319610595703,34.77597045898432],[127.40291595458984,34.76847076416044],[127.39847564697277,34.758193969726676],[127.38957977294922,34.75097274780279],[127.38097381591831,34.75125122070335],[127.37319183349621,34.74180603027355],[127.37930297851597,34.733749389648494],[127.37763977050781,34.725418090820256],[127.39263916015625,34.719028472900334],[127.38957977294922,34.71208190917986],[127.39514160156284,34.707637786865234],[127.4076385498048,34.70458221435575],[127.40208435058605,34.702640533447436],[127.40652465820347,34.696804046630916],[127.42430877685558,34.6920814514163],[127.42569732666016,34.68236160278349],[127.43291473388695,34.68041610717779],[127.42736053466808,34.67486190795921],[127.43708038330078,34.678195953369254],[127.44319152832043,34.672359466552734],[127.44763946533203,34.67402648925787],[127.44513702392578,34.66208267211937],[127.45791625976562,34.66930389404308],[127.45735931396484,34.66208267211937],[127.46736145019577,34.661251068115405],[127.47097015380882,34.666526794433594],[127.46458435058616,34.66597366333019],[127.46236419677746,34.67069625854498],[127.47791290283237,34.67180633544933],[127.47763824462902,34.66430664062506],[127.4695816040039,34.660972595215014],[127.47513580322277,34.6587486267091],[127.47374725341797,34.65430450439453],[127.4798583984375,34.65541839599604],[127.4812469482423,34.64986038208008],[127.49013519287132,34.64986038208008],[127.49124908447266,34.6423606872558],[127.476806640625,34.64791488647461],[127.47513580322277,34.64152908325201],[127.47013854980469,34.640972137451456],[127.46319580078125,34.649028778076115],[127.45874786376964,34.646804809570426],[127.46097564697266,34.640415191650504],[127.49069213867222,34.63263702392584],[127.49346923828136,34.63597106933588],[127.4973602294923,34.631805419921875],[127.49708557128918,34.61541748046875],[127.50624847412121,34.605415344238395],[127.5081939697269,34.59180450439459],[127.49569702148438,34.58930587768566],[127.49680328369175,34.585414886474666],[127.4856948852539,34.579029083251896],[127.48735809326183,34.57347106933594],[127.4781951904298,34.579303741455305],[127.47264099121139,34.57430648803711],[127.46152496337913,34.58041763305664],[127.46597290039108,34.58263778686535],[127.46125030517624,34.58375167846708],[127.46152496337913,34.590972900390796],[127.45735931396484,34.5915260314942],[127.45375061035156,34.58819580078131],[127.45680236816406,34.58375167846708],[127.44430541992188,34.57680511474621],[127.43319702148449,34.58235931396496],[127.43374633789074,34.58819580078131],[127.41819763183594,34.58263778686535],[127.41236114501953,34.59013748168945],[127.39847564697277,34.58958435058605],[127.38903045654331,34.60041809082037],[127.39680480957065,34.58930587768566],[127.39347076416016,34.58597183227562],[127.38291931152355,34.5926399230957],[127.38680267333984,34.58680725097656],[127.3526382446289,34.58514022827143],[127.367919921875,34.58263778686535],[127.36458587646484,34.57819366455095],[127.35458374023483,34.57847213745134],[127.35541534423862,34.57680511474621],[127.39208221435581,34.581527709960994],[127.39375305175815,34.56958389282232],[127.4084701538086,34.58013916015625],[127.39763641357445,34.5631942749024],[127.39375305175815,34.567359924316406],[127.36763763427734,34.5631942749024],[127.37458038330078,34.5631942749024],[127.37347412109386,34.55902862548834],[127.3818054199221,34.56291580200201],[127.37374877929688,34.552639007568416],[127.39986419677734,34.56041717529308],[127.41069793701195,34.555137634277344],[127.42375183105503,34.55708312988304],[127.4168090820317,34.5531959533692],[127.41819763183594,34.54763793945324],[127.42680358886753,34.555137634277344],[127.43152618408203,34.55486297607433],[127.42708587646496,34.54791641235363],[127.43736267089889,34.55069351196312],[127.43180847167969,34.54319381713884],[127.42652893066429,34.54347229003923],[127.43514251709018,34.540695190429744],[127.43624877929699,34.534862518310774],[127.42958068847679,34.537361145019474],[127.42708587646496,34.53069305419939],[127.42236328125034,34.53041839599615],[127.43125152587936,34.51902770996105],[127.42180633544922,34.5184707641601],[127.43096923828125,34.51291656494152],[127.4076385498048,34.51958465576183],[127.40264129638717,34.514583587646655],[127.40819549560558,34.51291656494152],[127.40402984619186,34.50485992431646],[127.39291381835983,34.50485992431646],[127.38903045654331,34.51013946533203],[127.3854141235355,34.50430679321289],[127.3781967163086,34.5040283203125],[127.39125061035202,34.48875045776373],[127.38735961914062,34.48319625854498],[127.38346862792969,34.48625183105486],[127.3826370239259,34.47847366333019],[127.3798599243164,34.48736190795921],[127.36902618408226,34.48041534423834],[127.35763549804733,34.49208450317383],[127.35319519042991,34.48902893066412],[127.35458374023483,34.48374938964855],[127.34680938720749,34.47763824462902],[127.3495864868164,34.48180389404325],[127.34069824218773,34.48930740356451],[127.34180450439499,34.4801406860351],[127.32569122314453,34.476249694824276],[127.33736419677757,34.46708297729509],[127.33347320556675,34.46347045898443],[127.32485961914074,34.469860076904354],[127.31930541992199,34.46791839599621],[127.319580078125,34.46069335937517],[127.32680511474643,34.46236038208008],[127.33902740478516,34.455139160156364],[127.33875274658249,34.44597244262718],[127.32707977294922,34.441249847412166],[127.3131942749028,34.443748474121094],[127.3120803833009,34.449859619140625],[127.30513763427734,34.44874954223644],[127.30541992187545,34.45430374145525],[127.31708526611328,34.45458221435541],[127.31263732910168,34.45958328247099],[127.30874633789085,34.45763778686529],[127.30958557128918,34.46263885498047],[127.3023605346682,34.45708465576172],[127.30430603027344,34.464584350585994],[127.29708099365234,34.46291732788086],[127.30069732666016,34.470417022705135],[127.29096984863281,34.4712486267091],[127.28097534179699,34.4806938171389],[127.26763916015636,34.482082366943644],[127.27375030517601,34.49319458007818],[127.2823638916019,34.490970611572266],[127.27847290039108,34.4945831298831],[127.28347015380871,34.4970817565918],[127.28097534179699,34.502361297607365],[127.2745819091798,34.50180435180681],[127.25430297851608,34.52125167846697],[127.24402618408237,34.52097320556658],[127.2437515258789,34.514583587646655],[127.24097442626987,34.51874923706066],[127.23097229003906,34.5179176330567],[127.23347473144543,34.52486038208002],[127.225135803223,34.525970458984375],[127.2212524414067,34.53347396850586],[127.21402740478527,34.52708435058594],[127.2179183959961,34.53319549560547],[127.21180725097656,34.53625106811552],[127.20819091796875,34.54763793945324],[127.21208190917969,34.51652908325195],[127.19541931152344,34.532081604003906],[127.1834716796875,34.531528472900504],[127.18235778808605,34.535415649414176],[127.17402648925815,34.5273628234865],[127.17346954345703,34.520137786865234],[127.16819763183594,34.525970458984375],[127.13708496093773,34.52291488647472],[127.1215286254884,34.5298614501956],[127.12236022949219,34.540695190429744],[127.11235809326183,34.546249389648494],[127.11430358886764,34.55958175659174],[127.12930297851562,34.572917938232536],[127.13569641113281,34.572917938232536],[127.13346862792991,34.57819366455095],[127.14569091796875,34.584861755371264],[127.14263916015625,34.59013748168945],[127.14875030517578,34.60069274902361],[127.15097045898438,34.59375],[127.1587524414067,34.591251373291186],[127.17208099365246,34.59486007690424],[127.16791534423862,34.602638244628906],[127.17263793945324,34.605140686035384],[127.17236328125034,34.625972747802905],[127.1834716796875,34.63236236572283],[127.19625091552734,34.65041732788086],[127.2276382446289,34.65402603149414],[127.23236083984398,34.68069458007818],[127.2437515258789,34.68513870239258],[127.23625183105503,34.692638397216854],[127.24153137207077,34.6920814514163],[127.23958587646496,34.69958496093756],[127.24819183349632,34.70624923706049],[127.25430297851608,34.70569610595709],[127.25208282470737,34.71180725097662],[127.26319122314453,34.716804504394645],[127.27041625976585,34.71208190917986],[127.27486419677746,34.719581604004134],[127.28069305419956,34.719028472900334],[127.27708435058616,34.71152877807623],[127.2823638916019,34.70402908325195],[127.27986145019577,34.699306488037166],[127.2862472534182,34.695972442627124],[127.2781982421875,34.67375183105486],[127.2862472534182,34.666805267333984],[127.31625366210949,34.6662483215332],[127.3215255737307,34.67375183105486],[127.3176422119144,34.681804656982536],[127.32763671875023,34.690139770507756],[127.33208465576183,34.70680618286144],[127.34458160400402,34.70958328247076],[127.3429183959961,34.7154159545899],[127.33235931396484,34.7154159545899],[127.32736206054733,34.7506942749024],[127.31639862060547,34.7526397705081],[127.3329010009769,34.77798461914068]]]]}},{"type":"Feature","properties":{"ID_0":211,"ISO":"KOR","NAME_0":"South Korea","ID_1":14,"NAME_1":"Jeollanam-do","ID_2":182,"NAME_2":"Gokseong","NL_NAME_2":"???| ???","VARNAME_2":null,"TYPE_2":"Gun","ENGTYPE_2":"County"},"geometry":{"type":"Polygon","coordinates":[[[127.22578430175781,35.30324172973644],[127.24688720703136,35.29730224609375],[127.29164123535179,35.297817230224666],[127.31997680664062,35.2852783203125],[127.34129333496105,35.293762207031364],[127.39349365234398,35.29327392578125],[127.42646026611328,35.324020385742244],[127.43582153320312,35.268096923828125],[127.43038177490234,35.24937057495123],[127.44155883789085,35.21893310546881],[127.43798828125011,35.210113525390625],[127.40890502929688,35.202880859375],[127.40560913085938,35.17819213867199],[127.41619873046886,35.16070556640625],[127.43392181396507,35.15600585937506],[127.43930053710949,35.13638305664068],[127.427001953125,35.11788940429693],[127.40270996093761,35.10369873046875],[127.39230346679688,35.084808349609375],[127.35795593261719,35.08079528808594],[127.35296630859375,35.06439208984375],[127.33990478515636,35.052307128906364],[127.32159423828136,35.052398681640625],[127.21868896484375,35.11151123046875],[127.21240234375,35.17990112304699],[127.17669677734386,35.18347167968756],[127.14932250976562,35.17651367187494],[127.13391113281261,35.17767333984375],[127.11174011230469,35.20263671874994],[127.10800170898449,35.211273193359375],[127.11758422851562,35.24621582031256],[127.11502075195335,35.266296386718864],[127.10317993164062,35.29092407226574],[127.1063461303711,35.30735015869135],[127.1282958984375,35.30590820312506],[127.15447998046875,35.29400634765619],[127.22578430175781,35.30324172973644]]]}},{"type":"Feature","properties":{"ID_0":211,"ISO":"KOR","NAME_0":"South Korea","ID_1":14,"NAME_1":"Jeollanam-do","ID_2":183,"NAME_2":"Gurye","NL_NAME_2":"???| ???","VARNAME_2":null,"TYPE_2":"Gun","ENGTYPE_2":"County"},"geometry":{"type":"Polygon","coordinates":[[[127.61711883544922,35.26969146728521],[127.61033630371094,35.25994873046881],[127.62481689453125,35.25268554687506],[127.62969970703125,35.24468994140631],[127.64019775390625,35.21578979492199],[127.64147949218761,35.181884765625],[127.64920043945312,35.175903320312614],[127.6534423828125,35.15370559692394],[127.62710571289062,35.136779785156364],[127.62139892578125,35.10098266601557],[127.6141357421875,35.094951629638786],[127.60018920898438,35.09381103515631],[127.56625366210938,35.07830810546875],[127.5518798828125,35.07867431640625],[127.5277099609375,35.095397949218864],[127.51840209960938,35.118194580078125],[127.470703125,35.154174804687614],[127.42208862304688,35.158599853515625],[127.40750122070312,35.17041015624994],[127.40890502929688,35.202880859375],[127.43798828125011,35.210113525390625],[127.44155883789085,35.21893310546881],[127.43038177490234,35.24937057495123],[127.43582153320312,35.268096923828125],[127.42646026611328,35.324020385742244],[127.44189453125,35.32250976562506],[127.46969604492188,35.328491210937614],[127.51361083984375,35.323913574218864],[127.61711883544922,35.26969146728521]]]}},{"type":"Feature","properties":{"ID_0":211,"ISO":"KOR","NAME_0":"South Korea","ID_1":14,"NAME_1":"Jeollanam-do","ID_2":184,"NAME_2":"Gwangyang","NL_NAME_2":"???| ???","VARNAME_2":null,"TYPE_2":"Si","ENGTYPE_2":"City"},"geometry":{"type":"MultiPolygon","coordinates":[[[[127.71819305419956,34.86402893066435],[127.7201385498048,34.86430740356451],[127.71986389160168,34.863750457763956],[127.71819305419956,34.86402893066435]]],[[[127.7287521362307,34.86819458007818],[127.73041534423828,34.86736297607422],[127.72846984863327,34.8676376342774],[127.7287521362307,34.86819458007818]]],[[[127.76374816894554,34.89319610595709],[127.76541900634811,34.89152908325218],[127.76264190673828,34.89152908325218],[127.76374816894554,34.89319610595709]]],[[[127.71763610839844,34.899028778076456],[127.7276382446289,34.89180374145519],[127.74346923828125,34.892639160156534],[127.74708557128906,34.88735961914057],[127.73041534423828,34.884304046630916],[127.72291564941418,34.86791610717779],[127.69680786132858,34.87263870239258],[127.7018051147461,34.87652587890625],[127.69180297851608,34.88458251953131],[127.69902801513672,34.89319610595709],[127.71763610839844,34.899028778076456]]],[[[127.7315292358403,34.9520835876466],[127.73986053466842,34.94652938842802],[127.7370834350586,34.93152618408209],[127.76569366455078,34.930973052978516],[127.78375244140636,34.916248321533146],[127.78514099121128,34.88624954223661],[127.77625274658203,34.88597106933622],[127.7670822143557,34.89125061035179],[127.78375244140636,34.886806488037166],[127.78402709960938,34.90819549560547],[127.77874755859375,34.90958404541021],[127.77874755859375,34.91819381713867],[127.77375030517612,34.922084808349666],[127.76374816894554,34.919029235840014],[127.76847076416061,34.91180419921875],[127.7668075561528,34.895416259765625],[127.74263763427734,34.90819549560547],[127.70486450195312,34.91208267211914],[127.70430755615246,34.92958450317394],[127.71375274658214,34.93152618408209],[127.71680450439464,34.9401397705081],[127.7315292358403,34.9520835876466]]],[[[127.7618026733403,34.959861755371094],[127.76875305175781,34.95291519165039],[127.76763916015659,34.93430709838873],[127.74541473388683,34.933750152588175],[127.74097442626953,34.95180511474621],[127.7618026733403,34.959861755371094]]],[[[127.76319122314499,34.96680450439459],[127.76513671875,34.96680450439459],[127.7668075561528,34.96486282348644],[127.76319122314499,34.96680450439459]]],[[[127.69952392578125,35.11328125000006],[127.71795654296886,35.074127197265625],[127.73339843750011,35.054016113281364],[127.76840209960972,35.03359985351591],[127.79229736328125,34.986602783203125],[127.77911376953125,34.981140136719034],[127.77134704589855,34.965415954589844],[127.75958251953159,34.971248626708984],[127.75402832031295,34.96180725097656],[127.73596954345714,34.95569610595703],[127.7318038940432,34.9620819091798],[127.73374938964844,34.98180389404297],[127.7245864868164,34.98764038085949],[127.71875000000045,34.99958419799816],[127.71958160400425,34.98541641235357],[127.72708129882858,34.980415344238395],[127.7318038940432,34.954303741455135],[127.71430206298874,34.94402694702154],[127.71180725097656,34.935974121093864],[127.70513916015625,34.93763732910162],[127.69902801513672,34.928470611572436],[127.69041442871116,34.92930603027355],[127.69264221191406,34.91458511352539],[127.6731948852539,34.904304504394645],[127.65958404541027,34.90347290039068],[127.66180419921898,34.89930725097662],[127.64902496337913,34.89125061035179],[127.63874816894531,34.90375137329107],[127.62569427490234,34.90263748168951],[127.63903045654331,34.88791656494152],[127.62403106689476,34.9029159545899],[127.64430236816452,34.907081604004134],[127.62236022949219,34.90513992309599],[127.61875152587936,34.915695190429744],[127.61486053466831,34.913749694824446],[127.6137466430664,34.92069625854492],[127.60624694824219,34.924861907958984],[127.60791778564476,34.94625091552746],[127.60041809082031,34.9520835876466],[127.60346984863281,34.94152832031244],[127.59902954101597,34.92597198486334],[127.58347320556652,34.92680740356445],[127.57847595214844,34.92137527465832],[127.56996154785179,34.92490005493164],[127.5544128417971,34.94149780273449],[127.55328369140625,34.95010375976557],[127.56292724609409,34.98968505859381],[127.56390380859375,35.014801025390625],[127.54809570312511,35.02667236328148],[127.5418701171875,35.0380859375],[127.5518798828125,35.07867431640642],[127.56625366210938,35.07830810546875],[127.6001892089846,35.09381103515648],[127.6141357421875,35.094951629638786],[127.62139892578125,35.10098266601557],[127.62710571289062,35.136779785156534],[127.6534423828125,35.15370559692394],[127.66149902343761,35.13690185546875],[127.67572021484398,35.12188720703131],[127.69039916992222,35.11978149414068],[127.69952392578125,35.11328125000006]]]]}},{"type":"Feature","properties":{"ID_0":211,"ISO":"KOR","NAME_0":"South Korea","ID_1":14,"NAME_1":"Jeollanam-do","ID_2":185,"NAME_2":"Haenam","NL_NAME_2":"???| ???","VARNAME_2":null,"TYPE_2":"Gun","ENGTYPE_2":"County"},"geometry":{"type":"MultiPolygon","coordinates":[[[[126.5112533569336,34.303195953369254],[126.50986480712936,34.29819488525408],[126.50791931152355,34.29652786254894],[126.50624847412155,34.299861907958984],[126.5112533569336,34.303195953369254]]],[[[126.60902404785168,34.31013870239258],[126.6118087768557,34.3095817565918],[126.60958099365246,34.30847167968744],[126.60902404785168,34.31013870239258]]],[[[126.50430297851574,34.3190269470216],[126.5045852661134,34.314861297607365],[126.50096893310581,34.31319427490263],[126.50013732910202,34.3165283203125],[126.50430297851574,34.3190269470216]]],[[[126.60375213623047,34.33736038208019],[126.60514068603516,34.33597183227545],[126.60430908203125,34.335693359375284],[126.60375213623047,34.33736038208019]]],[[[126.61597442626964,34.338195800781364],[126.6193084716798,34.339027404785156],[126.61875152587902,34.33680725097662],[126.61597442626964,34.338195800781364]]],[[[126.46569824218773,34.34569549560547],[126.47791290283226,34.344306945800895],[126.47430419921875,34.3304176330567],[126.46597290039074,34.3398628234865],[126.46569824218773,34.34569549560547]]],[[[126.4615249633789,34.36319351196312],[126.46319580078136,34.362083435058764],[126.46180725097702,34.361804962158374],[126.4615249633789,34.36319351196312]]],[[[126.47180175781273,34.37263870239269],[126.47458648681686,34.370418548583984],[126.47125244140625,34.37125015258795],[126.47180175781273,34.37263870239269]]],[[[126.46902465820324,34.382362365722884],[126.47041320800781,34.3801383972168],[126.46819305419922,34.38069534301758],[126.46902465820324,34.382362365722884]]],[[[126.62625122070312,34.40180587768566],[126.64430236816418,34.39847183227539],[126.64430236816418,34.39513778686535],[126.63680267333984,34.38735961914068],[126.6393051147461,34.393749237060604],[126.62819671630893,34.394027709960994],[126.62625122070312,34.40180587768566]]],[[[126.6451416015625,34.40486145019531],[126.64736175537121,34.403472900390796],[126.6448593139653,34.4040260314942],[126.6451416015625,34.40486145019531]]],[[[126.69125366210983,34.420417785644645],[126.69430541992233,34.42124938964844],[126.69430541992233,34.4195823669433],[126.69125366210983,34.420417785644645]]],[[[126.68402862548862,34.42152786254883],[126.69013977050781,34.420696258545036],[126.68458557128952,34.4195823669433],[126.68402862548862,34.42152786254883]]],[[[126.45986175537121,34.426528930664176],[126.46597290039074,34.42736053466797],[126.46013641357422,34.42514038085943],[126.45986175537121,34.426528930664176]]],[[[126.43541717529297,34.435695648193416],[126.44125366210938,34.43430709838867],[126.44235992431675,34.43264007568354],[126.43430328369152,34.429306030273494],[126.43541717529297,34.435695648193416]]],[[[126.70263671875,34.43430709838867],[126.7143020629884,34.43402862548828],[126.71013641357467,34.4329185485841],[126.70263671875,34.43430709838867]]],[[[126.43125152587902,34.44013977050781],[126.43569183349643,34.43680572509777],[126.42874908447311,34.43319320678734],[126.43180847168014,34.43597412109381],[126.43125152587902,34.44013977050781]]],[[[126.4243087768557,34.444305419921875],[126.4295806884769,34.444305419921875],[126.42986297607422,34.44319534301769],[126.4243087768557,34.444305419921875]]],[[[126.41958618164062,34.45763778686529],[126.41986083984409,34.45124816894537],[126.4134750366211,34.45458221435541],[126.41402435302734,34.45624923706055],[126.41958618164062,34.45763778686529]]],[[[126.4134750366211,34.4668045043947],[126.41847229003918,34.46069335937517],[126.41847229003918,34.458473205566634],[126.41180419921886,34.45986175537138],[126.4134750366211,34.4668045043947]]],[[[126.45402526855469,34.53680419921892],[126.4576416015625,34.53458404541021],[126.45236206054688,34.535137176513786],[126.45402526855469,34.53680419921892]]],[[[126.42263793945312,34.53680419921892],[126.42569732666061,34.53708267211931],[126.4231948852539,34.53569412231457],[126.42263793945312,34.53680419921892]]],[[[126.43653106689453,34.546527862548885],[126.43680572509788,34.53985977172857],[126.43430328369152,34.539306640625],[126.43235778808594,34.54486083984375],[126.43653106689453,34.546527862548885]]],[[[126.31735992431686,34.56236267089861],[126.31930541992199,34.56291580200201],[126.31847381591797,34.561805725097656],[126.31735992431686,34.56236267089861]]],[[[126.33125305175781,34.56847381591797],[126.3309707641605,34.5631942749024],[126.31958007812534,34.55930709838873],[126.32291412353527,34.566806793213004],[126.33125305175781,34.56847381591797]]],[[[126.30513763427734,34.58874893188488],[126.30708312988293,34.584861755371264],[126.29736328125011,34.581527709960994],[126.29930877685581,34.587360382080135],[126.30513763427734,34.58874893188488]]],[[[126.2706909179692,34.61513900756836],[126.27847290039074,34.610973358154354],[126.25902557373058,34.61013793945318],[126.25958251953136,34.61236190795927],[126.2706909179692,34.61513900756836]]],[[[126.36736297607433,34.62458419799816],[126.36930847168003,34.622638702392635],[126.3670806884769,34.623195648193416],[126.36736297607433,34.62458419799816]]],[[[126.25096893310547,34.65319442749035],[126.25263977050815,34.65291595458996],[126.25125122070347,34.652084350585994],[126.25096893310547,34.65319442749035]]],[[[126.3526382446289,34.6587486267091],[126.35013580322266,34.657917022705135],[126.35319519042969,34.66041564941406],[126.3526382446289,34.6587486267091]]],[[[126.24958038330112,34.676250457763956],[126.25096893310547,34.67486190795921],[126.24930572509777,34.67486190795921],[126.24958038330112,34.676250457763956]]],[[[126.44319152832054,34.678195953369254],[126.44347381591808,34.67430496215826],[126.44180297851562,34.6734733581543],[126.44041442871105,34.675693511963004],[126.44319152832054,34.678195953369254]]],[[[126.36846923828125,34.69791793823242],[126.36985778808616,34.693473815918026],[126.37458038330124,34.69486236572277],[126.37014007568382,34.690418243408146],[126.37486267089844,34.68847274780285],[126.35958099365268,34.67708206176775],[126.35069274902366,34.678749084472656],[126.34458160400413,34.68652725219732],[126.34735870361374,34.6940269470216],[126.36846923828125,34.69791793823242]]],[[[126.38430786132858,34.69847106933622],[126.38680267333996,34.698749542236385],[126.38652801513706,34.69791793823242],[126.38430786132858,34.69847106933622]]],[[[126.23986053466831,34.70124816894531],[126.24402618408203,34.70069503784191],[126.24458312988281,34.69819259643583],[126.24069213867233,34.69708251953148],[126.23986053466831,34.70124816894531]]],[[[126.37069702148472,34.70708465576183],[126.3718032836914,34.704860687256144],[126.37014007568382,34.70569610595709],[126.37069702148472,34.70708465576183]]],[[[126.3812484741211,34.70930480957037],[126.38291931152366,34.707916259765625],[126.3812484741211,34.707359313964844],[126.3812484741211,34.70930480957037]]],[[[126.41236114501964,34.71180725097662],[126.41513824462925,34.71180725097662],[126.41263580322266,34.71041488647472],[126.41236114501964,34.71180725097662]]],[[[126.38957977294956,34.71291732788097],[126.3920822143557,34.71263885498041],[126.3920822143557,34.71180725097662],[126.38957977294956,34.71291732788097]]],[[[126.37902832031295,34.71458435058594],[126.37403106689464,34.711250305176065],[126.37652587890636,34.71430587768555],[126.37902832031295,34.71458435058594]]],[[[126.3309707641605,34.7362518310548],[126.33430480957031,34.73847198486351],[126.33374786376953,34.73569488525402],[126.3309707641605,34.7362518310548]]],[[[126.32208251953148,34.742916107177734],[126.32402801513672,34.743194580078125],[126.3237533569336,34.74180603027355],[126.32208251953148,34.742916107177734]]],[[[126.29930877685581,34.76235961914068],[126.31069183349655,34.75347137451189],[126.30708312988293,34.74736022949213],[126.31847381591797,34.75041580200201],[126.31791687011719,34.7412490844726],[126.32930755615268,34.73958206176786],[126.3309707641605,34.72013854980469],[126.33985900878906,34.71791839599615],[126.3495864868164,34.707916259765625],[126.34847259521496,34.70069503784191],[126.33291625976562,34.696250915527514],[126.33069610595703,34.67958450317383],[126.33486175537132,34.672359466552734],[126.32736206054688,34.663749694824276],[126.33625030517624,34.65708160400419],[126.34375000000034,34.661251068115405],[126.34208679199253,34.655139923095646],[126.35430908203148,34.65124893188482],[126.35319519042969,34.625972747802905],[126.36680603027366,34.62097167968773],[126.3651351928711,34.61624908447271],[126.37069702148472,34.61763763427746],[126.36902618408203,34.605140686035384],[126.37264251708984,34.605140686035384],[126.37430572509766,34.61569595336914],[126.38069152832077,34.617362976074276],[126.3920822143557,34.60486221313499],[126.39069366455078,34.60985946655279],[126.40958404541016,34.60708236694353],[126.40875244140636,34.60069274902361],[126.44097137451183,34.59013748168945],[126.45097351074219,34.581806182861385],[126.4501419067384,34.58958435058605],[126.48097229003906,34.602638244628906],[126.48486328125011,34.616806030273494],[126.47624969482467,34.617084503173885],[126.46930694580112,34.611526489257926],[126.46347045898483,34.614028930664006],[126.45486450195312,34.60847091674805],[126.4501419067384,34.63375091552757],[126.44458007812545,34.63375091552757],[126.43763732910168,34.62347412109381],[126.42903137207031,34.6448593139649],[126.41764068603538,34.642917633056754],[126.4231948852539,34.6587486267091],[126.41513824462925,34.65958404541027],[126.41596984863327,34.666526794433594],[126.40680694580078,34.6662483215332],[126.40347290039062,34.65541839599604],[126.39708709716842,34.65708160400419],[126.38874816894577,34.64736175537138],[126.37763977050827,34.65541839599604],[126.3804168701173,34.661251068115405],[126.37430572509766,34.681804656982536],[126.38402557373047,34.681526184082145],[126.37708282470714,34.67375183105486],[126.38652801513706,34.66152954101557],[126.38458251953125,34.6662483215332],[126.39375305175781,34.669582366943644],[126.39569091796909,34.67680740356451],[126.3948593139653,34.687637329101676],[126.38735961914108,34.696250915527514],[126.3993072509769,34.68597412109375],[126.40513610839855,34.69180679321289],[126.39847564697311,34.70069503784191],[126.39597320556652,34.69847106933622],[126.3965301513673,34.70513916015631],[126.38513946533237,34.70708465576183],[126.3848648071289,34.713195800781364],[126.39291381835949,34.70875167846697],[126.39763641357422,34.71513748168951],[126.40736389160156,34.69847106933622],[126.41291809082077,34.69652938842768],[126.41569519042969,34.684581756592024],[126.42819213867199,34.68624877929693],[126.42485809326183,34.692638397216854],[126.43180847168014,34.69458389282238],[126.43319702148483,34.70124816894531],[126.43846893310547,34.695972442627124],[126.44430541992188,34.70430374145519],[126.45513916015659,34.699306488037166],[126.45458221435547,34.692916870117244],[126.44208526611328,34.68652725219732],[126.43791961669933,34.67430496215826],[126.42903137207031,34.66819381713873],[126.43180847168014,34.66208267211937],[126.44097137451183,34.65597152709984],[126.45124816894531,34.65930557250988],[126.45097351074219,34.65152740478521],[126.46041870117233,34.65041732788086],[126.46819305419922,34.640972137451456],[126.47458648681686,34.64374923706055],[126.47875213623058,34.63902664184576],[126.50986480712936,34.63652801513683],[126.5256958007817,34.62458419799816],[126.53708648681686,34.63624954223627],[126.5229187011721,34.6398620605471],[126.52263641357445,34.651805877685604],[126.54792022705078,34.64986038208008],[126.5495834350586,34.63847351074219],[126.585693359375,34.62985992431635],[126.61985778808594,34.6279182434082],[126.6231918334961,34.63236236572283],[126.6145858764653,34.637638092041016],[126.59347534179722,34.63874816894537],[126.5596542358403,34.66038513183588],[126.58333587646484,34.67788314819336],[126.61492156982433,34.67907714843744],[126.63990783691418,34.66710662841797],[126.68093872070324,34.68056869506836],[126.70526123046898,34.67666244506847],[126.69528198242222,34.652256011963004],[126.6898422241211,34.62145614624046],[126.67427062988304,34.59118270874052],[126.67977905273449,34.56818771362305],[126.69080352783203,34.56338119506847],[126.69633483886719,34.55175781250006],[126.6758956909182,34.50846099853521],[126.68305969238327,34.476795196533146],[126.6950836181644,34.4677467346192],[126.73513793945347,34.455162048340014],[126.72402954101574,34.4429168701173],[126.71819305419922,34.446250915527344],[126.70930480957031,34.43930435180687],[126.69625091552734,34.44180679321295],[126.68985748291016,34.43180465698259],[126.68096923828159,34.426250457763615],[126.67430877685547,34.42791748046875],[126.67680358886719,34.41597366333025],[126.66347503662143,34.42680740356457],[126.65847015380893,34.420696258545036],[126.65041351318371,34.42263793945318],[126.6448593139653,34.40958404541033],[126.63458251953136,34.411804199219034],[126.62875366210949,34.40263748168945],[126.62347412109375,34.40791702270519],[126.61653137207031,34.40236282348661],[126.62180328369152,34.39569473266613],[126.6118087768557,34.385417938232536],[126.6148605346682,34.37874984741222],[126.62069702148472,34.379028320312614],[126.61569213867199,34.365139007568416],[126.6201400756836,34.358470916748104],[126.60208129882835,34.34902954101568],[126.60874938964866,34.34347152709955],[126.60013580322266,34.335693359375284],[126.60430908203125,34.33208465576183],[126.6009750366211,34.31930541992199],[126.60569763183616,34.314861297607365],[126.59708404541016,34.312084197998274],[126.58652496337902,34.31986236572294],[126.56041717529342,34.32236099243164],[126.54458618164108,34.302917480468864],[126.52930450439464,34.300693511963175],[126.5287475585942,34.2931938171389],[126.52180480957031,34.292083740234546],[126.51625061035179,34.29486083984381],[126.51930236816429,34.31402587890642],[126.51235961914097,34.31874847412121],[126.52708435058594,34.33347320556658],[126.52041625976574,34.343750000000114],[126.5206909179692,34.36041641235363],[126.50541687011719,34.36597061157238],[126.49847412109375,34.35708236694336],[126.4906921386721,34.359584808349666],[126.47291564941406,34.34819412231474],[126.46541595459007,34.35763931274414],[126.46458435058594,34.36236190795893],[126.46875000000023,34.36347198486328],[126.47846984863315,34.355972290039006],[126.47624969482467,34.364860534668026],[126.48652648925781,34.36402893066406],[126.47652435302734,34.37152862548834],[126.48152923584007,34.37597274780296],[126.47347259521484,34.37736129760748],[126.48124694824241,34.382362365722884],[126.47486114501976,34.38124847412115],[126.47097015380893,34.38458251953119],[126.48236083984386,34.385139465332145],[126.48319244384766,34.38930511474621],[126.49458312988293,34.38458251953119],[126.49847412109375,34.3870849609375],[126.48652648925781,34.40097045898449],[126.49153137207043,34.40458297729515],[126.4870834350586,34.40847396850597],[126.50708007812534,34.40069580078131],[126.50736236572277,34.4076385498048],[126.51625061035179,34.414859771728516],[126.50791931152355,34.42708206176758],[126.51374816894565,34.4334716796875],[126.50875091552734,34.43958282470726],[126.4968032836914,34.43152618408203],[126.48319244384766,34.43402862548828],[126.48180389404308,34.42514038085943],[126.45375061035168,34.44819259643549],[126.46430206298862,34.45430374145525],[126.46930694580112,34.44819259643549],[126.47624969482467,34.44930648803722],[126.46791839599643,34.45680618286133],[126.46763610839844,34.461807250976676],[126.47430419921875,34.46374893188482],[126.47097015380893,34.470138549804744],[126.46319580078136,34.46875],[126.45541381835938,34.47708511352545],[126.45569610595749,34.482082366943644],[126.46624755859386,34.48374938964855],[126.460693359375,34.49013900756847],[126.45625305175793,34.48902893066412],[126.46402740478516,34.49569320678728],[126.45625305175793,34.50152587890625],[126.47041320800781,34.50875091552729],[126.46208190917991,34.520694732666016],[126.45625305175793,34.51930618286144],[126.45708465576172,34.523471832275675],[126.44180297851562,34.52208328247093],[126.44319152832054,34.52708435058594],[126.45986175537121,34.53097152709955],[126.46541595459007,34.53708267211931],[126.46180725097702,34.54402923583979],[126.45680236816418,34.54264068603544],[126.45958709716831,34.537918090820426],[126.45153045654297,34.54236221313505],[126.44819641113281,34.535415649414176],[126.44486236572266,34.539306640625],[126.43458557128918,34.535415649414176],[126.43819427490234,34.537918090820426],[126.44041442871105,34.55180740356445],[126.41569519042969,34.55930709838873],[126.41680908203159,34.546527862548885],[126.40208435058605,34.546527862548885],[126.4023590087894,34.538192749023665],[126.3870849609375,34.532081604003906],[126.37875366210938,34.53902816772461],[126.38847351074219,34.54875183105497],[126.38375091552746,34.55374908447277],[126.38847351074219,34.55958175659174],[126.36264038085972,34.55875015258795],[126.35346984863327,34.56902694702154],[126.33486175537132,34.572917938232536],[126.31375122070324,34.566806793213004],[126.303749084473,34.57680511474621],[126.31263732910179,34.587638854980526],[126.29846954345703,34.590415954589844],[126.29652404785179,34.59819412231451],[126.29208374023438,34.59180450439459],[126.27541351318371,34.596527099609375],[126.28624725341797,34.60680389404314],[126.27986145019565,34.61013793945318],[126.28347015380905,34.617084503173885],[126.28041839599655,34.62180709838867],[126.289306640625,34.62069320678734],[126.29347229003929,34.63069534301769],[126.28902435302734,34.63569259643572],[126.28430175781284,34.63013839721691],[126.27180480957043,34.63263702392584],[126.26013946533249,34.640693664550895],[126.26235961914097,34.657638549804744],[126.25514221191406,34.664028167724666],[126.25930786132847,34.672637939453125],[126.25458526611328,34.67930603027344],[126.2626419067384,34.68541717529297],[126.25791931152378,34.693195343017635],[126.2598648071289,34.704860687256144],[126.2626419067384,34.707637786865234],[126.26708221435581,34.70291519165045],[126.27764129638695,34.7198600769043],[126.27430725097702,34.727916717529354],[126.28541564941406,34.757637023925895],[126.29930877685581,34.76235961914068]]]]}},{"type":"Feature","properties":{"ID_0":211,"ISO":"KOR","NAME_0":"South Korea","ID_1":14,"NAME_1":"Jeollanam-do","ID_2":186,"NAME_2":"Hampyeong","NL_NAME_2":"???| ???","VARNAME_2":null,"TYPE_2":"Gun","ENGTYPE_2":"County"},"geometry":{"type":"Polygon","coordinates":[[[126.3870849609375,35.14263916015631],[126.37678527832031,35.171691894531364],[126.40491485595726,35.182186126708984],[126.44432067871094,35.170719146728516],[126.47737884521484,35.18025588989258],[126.51119995117199,35.17300415039068],[126.5256805419923,35.176368713378906],[126.54779052734386,35.17010498046881],[126.57485961914085,35.187751770019645],[126.60104370117199,35.19029235839844],[126.60558319091808,35.19507598876953],[126.6053466796875,35.21142959594732],[126.61862182617188,35.21524429321295],[126.63404846191418,35.211830139160156],[126.64868164062511,35.17468261718756],[126.68669891357433,35.15396499633789],[126.67512512207031,35.13666152954107],[126.67370605468761,35.10949707031256],[126.67742156982422,35.10314559936535],[126.65266418457031,35.078876495361385],[126.62120056152366,35.075653076171875],[126.6128616333009,35.06492614746088],[126.60486602783214,35.04777526855469],[126.60092163085938,34.98872375488287],[126.59075927734386,34.97518539428705],[126.57508850097668,34.971443176269645],[126.5389175415039,34.972236633300724],[126.50309753417969,34.980598449707145],[126.49804687500011,34.986511230468864],[126.5015869140625,35.00970458984381],[126.47711944580078,35.02961349487305],[126.4804382324221,35.05215835571295],[126.45866394042969,35.06809616088867],[126.45735931396507,35.0759735107423],[126.43541717529297,35.08402633666998],[126.4576416015625,35.09013748168951],[126.46458435058594,35.10041809082031],[126.42069244384766,35.10736083984381],[126.40430450439453,35.13430404663086],[126.39541625976574,35.13375091552746],[126.3870849609375,35.14263916015631]]]}},{"type":"Feature","properties":{"ID_0":211,"ISO":"KOR","NAME_0":"South Korea","ID_1":14,"NAME_1":"Jeollanam-do","ID_2":187,"NAME_2":"Hwasun","NL_NAME_2":"???| ???","VARNAME_2":null,"TYPE_2":"Gun","ENGTYPE_2":"County"},"geometry":{"type":"Polygon","coordinates":[[[127.13391113281261,35.17767333984375],[127.14932250976562,35.17651367187494],[127.17669677734386,35.18347167968756],[127.21240234375,35.17990112304699],[127.21868896484375,35.11151123046875],[127.20367431640625,35.10070800781256],[127.19070434570312,35.07962036132807],[127.20111083984386,35.04559326171881],[127.18618774414074,34.993804931640625],[127.1956787109375,34.97991943359375],[127.15847778320312,34.957611083984375],[127.13411712646496,34.950069427490234],[127.099853515625,34.92425918579096],[127.09475708007812,34.87760543823248],[127.05670166015636,34.82928466796881],[127.03960418701172,34.826110839843864],[127.02957153320335,34.832149505615234],[126.97730255126976,34.83916473388672],[126.95435333251953,34.82571029663086],[126.94009399414062,34.824401855468864],[126.932373046875,34.828655242920036],[126.922119140625,34.853420257568416],[126.91427612304688,34.859172821045036],[126.86476135253906,34.85770416259771],[126.87068939209007,34.87678527832037],[126.87547302246105,34.93027877807623],[126.90455627441406,34.976387023925895],[126.88995361328148,35.010848999023494],[126.89111328125011,35.02020645141596],[126.89784240722668,35.04301071166998],[126.91913604736351,35.07290649414074],[126.99964904785168,35.08430480957037],[127.0109100341798,35.09471130371094],[127.02065277099621,35.117927551269645],[127.04168701171875,35.11871337890619],[127.07171630859398,35.11230468750006],[127.10150146484386,35.11560058593756],[127.10198974609375,35.12380981445324],[127.08541870117188,35.140899658203125],[127.08700561523449,35.15951538085949],[127.13391113281261,35.17767333984375]]]}},{"type":"Feature","properties":{"ID_0":211,"ISO":"KOR","NAME_0":"South Korea","ID_1":14,"NAME_1":"Jeollanam-do","ID_2":188,"NAME_2":"Jangheung","NL_NAME_2":"???| ???","VARNAME_2":null,"TYPE_2":"Gun","ENGTYPE_2":"County"},"geometry":{"type":"MultiPolygon","coordinates":[[[[126.92847442626999,34.43069458007824],[126.93208312988281,34.43125152587919],[126.93152618408249,34.42874908447271],[126.92847442626999,34.43069458007824]]],[[[126.9662475585942,34.46569442749035],[126.96986389160202,34.46319580078125],[126.96708679199219,34.44513702392584],[126.96263885498058,34.4473609924317],[126.96347045898438,34.458751678467024],[126.95874786376976,34.459026336670036],[126.9662475585942,34.46569442749035]]],[[[127.00819396972656,34.61819458007824],[127.01680755615246,34.61875152587919],[127.01208496093784,34.61041641235357],[127.00819396972656,34.61819458007824]]],[[[126.932373046875,34.828655242920206],[126.94009399414062,34.824401855468864],[126.95435333251987,34.82571029663086],[126.97730255126999,34.83916473388672],[127.02957153320358,34.832149505615405],[127.03960418701206,34.826110839843864],[127.0262603759769,34.79985046386719],[127.02820587158203,34.77125930786144],[127.02057647705078,34.73864364624035],[127.0130615234375,34.728107452392635],[126.98633575439487,34.724418640137],[126.97666931152378,34.702812194824276],[126.98509216308594,34.691410064697266],[127.02420043945312,34.68769836425781],[127.04511260986328,34.65086364746111],[127.03847503662132,34.63624572753912],[127.01847076416016,34.62486267089855],[126.98319244384766,34.62819290161161],[126.9665298461914,34.62513732910156],[126.95680236816406,34.632083892822266],[126.95402526855469,34.631248474121094],[126.9709701538086,34.62069320678734],[126.97791290283214,34.62458419799816],[126.9943084716798,34.623195648193416],[126.99375152587913,34.61513900756836],[127.00902557373092,34.60736083984369],[126.99764251709018,34.60402679443365],[126.999305725098,34.59763717651373],[126.992919921875,34.59375],[126.99236297607422,34.58235931396496],[126.97958374023438,34.5745849609375],[126.9973602294923,34.5656929016115],[127.00680541992222,34.570137023925895],[127.00541687011753,34.55708312988304],[127.00263977050781,34.55458450317394],[126.9973602294923,34.56236267089861],[126.98847198486328,34.561248779296875],[126.98874664306686,34.53958511352539],[126.9723587036134,34.54291534423828],[126.96013641357467,34.531528472900504],[126.96541595459018,34.523193359375284],[126.97347259521484,34.523471832275675],[126.97347259521484,34.514862060547046],[126.97846984863293,34.511806488037166],[126.96763610839889,34.50930404663109],[126.96375274658203,34.496528625488395],[126.97624969482422,34.488471984863565],[126.97846984863293,34.470695495605526],[126.97541809082043,34.46847152709961],[126.975135803223,34.47430419921898],[126.9679183959961,34.47763824462902],[126.96375274658203,34.468193054199446],[126.95569610595726,34.46875],[126.94097137451172,34.48986053466791],[126.93458557128952,34.494026184082145],[126.94180297851562,34.48291778564459],[126.9370803833009,34.47680664062506],[126.94097137451172,34.46291732788086],[126.94736480712936,34.45652770996094],[126.9331970214846,34.446804046631144],[126.92097473144565,34.45430374145525],[126.89375305175781,34.459026336670036],[126.8709716796875,34.455970764160156],[126.88708496093795,34.43430709838867],[126.88346862793014,34.42152786254883],[126.87403106689453,34.43624877929699],[126.86708068847668,34.438194274902514],[126.8645858764653,34.43402862548828],[126.84286499023449,34.454513549804744],[126.84955596923851,34.5157356262207],[126.88284301757835,34.54951095581055],[126.8769226074221,34.57873916625982],[126.86833190918003,34.58454132080101],[126.86791229248047,34.59067916870134],[126.8800888061528,34.62126541137718],[126.8559494018557,34.68454360961914],[126.84696960449253,34.72736358642578],[126.82557678222656,34.7392005920413],[126.81424713134777,34.771034240722656],[126.79105377197266,34.770027160644645],[126.8193359375,34.82386779785156],[126.83043670654342,34.830165863037166],[126.85031890869163,34.832069396972656],[126.86476135253906,34.85770416259771],[126.91427612304688,34.859172821045206],[126.92211914062534,34.853420257568416],[126.932373046875,34.828655242920206]]]]}},{"type":"Feature","properties":{"ID_0":211,"ISO":"KOR","NAME_0":"South Korea","ID_1":14,"NAME_1":"Jeollanam-do","ID_2":189,"NAME_2":"Jangseong","NL_NAME_2":"???| ???","VARNAME_2":null,"TYPE_2":"Gun","ENGTYPE_2":"County"},"geometry":{"type":"Polygon","coordinates":[[[126.87580108642578,35.463966369628906],[126.95770263671886,35.41229248046875],[126.97076416015625,35.3907470703125],[126.99365997314453,35.38099670410156],[126.94479370117188,35.336318969726676],[126.91284179687523,35.32693481445318],[126.90383911132812,35.31166076660162],[126.90764617919922,35.29093170166027],[126.89001464843761,35.27770996093756],[126.88940429687511,35.262176513671875],[126.9156265258789,35.22182464599615],[126.86708068847668,35.215873718261776],[126.85610961914062,35.19564437866222],[126.840087890625,35.19110107421881],[126.81684875488281,35.19352722167969],[126.77642822265625,35.21833038330078],[126.7664566040039,35.21660232543957],[126.75047302246094,35.192337036132756],[126.70748138427746,35.17821502685558],[126.68669891357433,35.15396499633789],[126.66795349121105,35.161392211914176],[126.64431762695324,35.17910766601568],[126.63404846191418,35.211830139160156],[126.61862182617188,35.21524429321295],[126.6053466796875,35.21142959594732],[126.6007080078125,35.223205566406364],[126.60446929931652,35.24141311645519],[126.61753845214844,35.246292114257926],[126.63171386718761,35.26339721679693],[126.6497802734375,35.27560424804693],[126.66504669189453,35.305786132812614],[126.70967102050781,35.32341003417969],[126.74362182617188,35.325103759765625],[126.75881958007812,35.33851623535162],[126.76908111572277,35.36713409423834],[126.78506469726574,35.379489898681754],[126.78923034667969,35.38877105712902],[126.79117584228527,35.44148635864269],[126.87580108642578,35.463966369628906]]]}},{"type":"Feature","properties":{"ID_0":211,"ISO":"KOR","NAME_0":"South Korea","ID_1":14,"NAME_1":"Jeollanam-do","ID_2":190,"NAME_2":"Jindo","NL_NAME_2":"???| ???","VARNAME_2":null,"TYPE_2":"Gun","ENGTYPE_2":"County"},"geometry":{"type":"MultiPolygon","coordinates":[[[[125.94069671630871,34.162082672119084],[125.94847106933594,34.145416259765796],[125.9456939697269,34.14041519165062],[125.93763732910168,34.15291595459007],[125.94069671630871,34.162082672119084]]],[[[125.85375213623081,34.19652938842779],[125.86374664306663,34.1968040466308],[125.86208343505905,34.19291687011719],[125.85375213623081,34.19652938842779]]],[[[125.8495864868164,34.218471527099666],[125.85708618164062,34.218193054199276],[125.86486053466808,34.206249237060604],[125.8468017578125,34.21402740478527],[125.8495864868164,34.218471527099666]]],[[[125.85874938964844,34.220973968506144],[125.86180877685558,34.21875],[125.85847473144543,34.218467712402514],[125.85874938964844,34.220973968506144]]],[[[126.1651382446289,34.22541809082037],[126.1651382446289,34.220973968506144],[126.16014099121116,34.22208404541033],[126.16069793701206,34.22486114501959],[126.1651382446289,34.22541809082037]]],[[[126.14847564697266,34.22624969482433],[126.15347290039085,34.22486114501959],[126.15347290039085,34.22263717651373],[126.14847564697266,34.22624969482433]]],[[[125.84180450439476,34.227638244628906],[125.8493041992192,34.2245826721192],[125.8459701538086,34.218471527099666],[125.8406982421875,34.21930694580084],[125.84180450439476,34.227638244628906]]],[[[126.1620864868164,34.22874832153326],[126.16486358642578,34.227085113525504],[126.16180419921875,34.227638244628906],[126.1620864868164,34.22874832153326]]],[[[126.08708190918003,34.227638244628906],[126.08930206298874,34.2279167175293],[126.08902740478516,34.227085113525504],[126.08708190918003,34.227638244628906]]],[[[125.98791503906273,34.229862213134766],[125.99180603027355,34.227638244628906],[125.98847198486362,34.227638244628906],[125.98791503906273,34.229862213134766]]],[[[126.07569122314453,34.236526489257926],[126.07847595214844,34.233196258545036],[126.0781936645509,34.2315292358399],[126.07263946533203,34.232917785644645],[126.07569122314453,34.236526489257926]]],[[[125.96041870117199,34.23708343505888],[125.96430206298828,34.23791503906267],[125.96402740478516,34.235973358154524],[125.96041870117199,34.23708343505888]]],[[[125.92874908447266,34.24375152587896],[125.93235778808594,34.244861602783146],[125.92903137207077,34.24263763427746],[125.92874908447266,34.24375152587896]]],[[[125.93653106689487,34.247638702392635],[125.9423599243164,34.24430465698259],[125.94041442871116,34.238471984863224],[125.94902801513672,34.2459716796875],[125.95430755615234,34.24569320678711],[125.95597076416061,34.24041748046875],[125.94430541992199,34.23097229003912],[125.92874908447266,34.22902679443365],[125.92514038085972,34.23791503906267],[125.92986297607456,34.23764038085943],[125.93653106689487,34.247638702392635]]],[[[126.08763885498058,34.24958419799833],[126.08847045898438,34.24375152587896],[126.07930755615234,34.242362976074446],[126.07624816894531,34.24625015258789],[126.08763885498058,34.24958419799833]]],[[[126.0504150390625,34.25458145141613],[126.05374908447266,34.250415802002124],[126.06346893310547,34.25097274780268],[126.0620803833009,34.24652862548828],[126.0690307617192,34.238193511962834],[126.0612487792971,34.238471984863224],[126.05764007568405,34.224029541015625],[126.04235839843761,34.23180389404291],[126.03514099121128,34.21930694580084],[126.03375244140636,34.23097229003912],[126.02319335937523,34.23125076293951],[126.02486419677734,34.238750457763786],[126.0418090820317,34.23541641235357],[126.04846954345726,34.238750457763786],[126.05291748046875,34.24625015258789],[126.0504150390625,34.25458145141613]]],[[[126.15486145019577,34.25569534301769],[126.15680694580101,34.25402832031256],[126.15486145019577,34.253749847412166],[126.15486145019577,34.25569534301769]]],[[[126.05069732666016,34.26124954223644],[126.05458068847702,34.2598609924317],[126.05596923828125,34.2573623657226],[126.04902648925793,34.256248474121094],[126.05069732666016,34.26124954223644]]],[[[125.92458343505882,34.262359619140625],[125.92652893066406,34.24569320678711],[125.92236328125011,34.256805419922046],[125.91902923583996,34.248195648193416],[125.91458129882858,34.247360229492244],[125.91764068603561,34.24847412109398],[125.9173583984375,34.253471374511776],[125.91486358642601,34.24874877929699],[125.90985870361328,34.250694274902514],[125.91069793701172,34.2459716796875],[125.9156951904298,34.24625015258789],[125.91291809082031,34.24041748046875],[125.90791320800827,34.24652862548828],[125.89708709716797,34.24680709838867],[125.90235900878918,34.257083892822436],[125.92458343505882,34.262359619140625]]],[[[126.18347167968795,34.262916564941406],[126.18763732910156,34.253749847412166],[126.1776351928711,34.24069595336914],[126.18402862548828,34.235973358154524],[126.17597198486351,34.23513793945318],[126.17069244384811,34.24013900756836],[126.18347167968795,34.262916564941406]]],[[[126.01013946533249,34.26374816894537],[126.01319122314499,34.262359619140625],[126.01125335693371,34.26152801513683],[126.01013946533249,34.26374816894537]]],[[[126.17402648925781,34.26152801513683],[126.17791748046875,34.262638092041016],[126.17819213867222,34.26152801513683],[126.17402648925781,34.26152801513683]]],[[[126.15069580078136,34.26652908325201],[126.15235900878906,34.26180648803722],[126.15625000000045,34.2573623657226],[126.14319610595703,34.265140533447266],[126.15069580078136,34.26652908325201]]],[[[126.12486267089866,34.268470764160156],[126.12847137451206,34.26736068725597],[126.12791442871116,34.265415191650675],[126.12486267089866,34.268470764160156]]],[[[126.09791564941406,34.271526336670036],[126.10291290283237,34.26708221435541],[126.10874938964889,34.26958465576189],[126.11235809326183,34.26124954223644],[126.10069274902389,34.262638092041016],[126.09791564941406,34.271526336670036]]],[[[126.05347442626953,34.27208328247099],[126.05708312988315,34.2698593139649],[126.05541992187534,34.26902770996094],[126.05347442626953,34.27208328247099]]],[[[125.99208068847668,34.2793045043947],[125.99764251709007,34.270973205566634],[125.99346923828125,34.26458358764671],[126.00013732910156,34.26430511474632],[126.00375366210938,34.27013778686529],[126.0098648071289,34.264862060546875],[125.99847412109386,34.259304046631144],[126.00347137451217,34.25208282470703],[125.99236297607433,34.253749847412166],[125.99375152587925,34.2598609924317],[125.98708343505893,34.26319503784197],[125.98986053466797,34.27069473266624],[125.98263549804699,34.26347351074236],[125.97846984863304,34.26708221435541],[125.97846984863304,34.276805877685604],[125.99208068847668,34.2793045043947]]],[[[126.00597381591797,34.292083740234546],[126.00708007812523,34.29013824462902],[126.00514221191418,34.29013824462902],[126.00597381591797,34.292083740234546]]],[[[125.99569702148438,34.29236221313471],[126.00235748291016,34.28985977172863],[126.00263977050781,34.289028167724666],[125.99180603027355,34.28680419921898],[125.99569702148438,34.29236221313471]]],[[[125.9568023681644,34.303470611572266],[125.95847320556675,34.30208206176752],[125.95597076416061,34.30208206176752],[125.9568023681644,34.303470611572266]]],[[[125.97069549560547,34.303195953369254],[125.98486328125023,34.300415039062784],[125.98513793945324,34.29624938964855],[125.9723587036134,34.297637939453125],[125.97069549560547,34.303195953369254]]],[[[125.90125274658237,34.306804656982706],[125.90458679199219,34.30541610717779],[125.90180206298874,34.3051376342774],[125.90125274658237,34.306804656982706]]],[[[126.01125335693371,34.306251525878906],[126.01403045654331,34.3051376342774],[126.01097106933628,34.30430603027344],[126.01125335693371,34.306251525878906]]],[[[125.94513702392578,34.312084197998274],[125.9462509155278,34.303195953369254],[125.94902801513672,34.300415039062784],[125.9415283203125,34.3070831298831],[125.94513702392578,34.312084197998274]]],[[[125.98874664306652,34.312362670898665],[125.99153137207054,34.31069564819336],[125.98791503906273,34.31069564819336],[125.98874664306652,34.312362670898665]]],[[[125.96402740478516,34.31541824340832],[125.96541595458984,34.31041717529297],[125.9509735107423,34.309307098388786],[125.95735931396484,34.31430435180681],[125.96402740478516,34.31541824340832]]],[[[126.01597595214844,34.31735992431646],[126.01930236816452,34.31041717529297],[126.01069641113293,34.31124877929693],[126.00597381591797,34.30541610717779],[126.00541687011719,34.312637329101676],[125.99708557128906,34.31347274780302],[125.99791717529308,34.31735992431646],[126.01597595214844,34.31735992431646]]],[[[126.03958129882847,34.3190269470216],[126.05319213867233,34.30430603027344],[126.08847045898438,34.312084197998274],[126.08625030517624,34.29819488525408],[126.09375000000034,34.288471221923885],[126.08985900878929,34.28486251831083],[126.09569549560547,34.27541732788086],[126.07430267334018,34.28458404541044],[126.06708526611328,34.274028778076286],[126.06236267089855,34.27763748168957],[126.06263732910156,34.288749694824276],[126.06041717529297,34.28513717651367],[126.05263519287121,34.28652954101574],[126.0590286254884,34.27847290039091],[126.05680847167969,34.273750305175895],[126.04930877685581,34.28347396850609],[126.02319335937523,34.28513717651367],[126.02764129638717,34.292083740234546],[126.02291870117233,34.2951393127442],[126.01569366455112,34.291526794433594],[126.01597595214844,34.29569625854498],[126.03319549560558,34.306804656982706],[126.02208709716797,34.31069564819336],[126.02625274658226,34.31319427490263],[126.03069305419967,34.3095817565918],[126.03485870361328,34.31291580200207],[126.03041839599621,34.31624984741211],[126.03958129882847,34.3190269470216]]],[[[125.97569274902378,34.32208251953125],[125.98041534423828,34.31402587890642],[125.97041320800827,34.30597305297874],[125.96819305419956,34.32152938842785],[125.97569274902378,34.32208251953125]]],[[[126.02486419677734,34.323471069335994],[126.02764129638717,34.32263946533203],[126.02513885498047,34.321319580078125],[126.02486419677734,34.323471069335994]]],[[[126.03736114501999,34.323192596435604],[126.04096984863281,34.323749542236385],[126.04041290283249,34.322410583496264],[126.03736114501999,34.323192596435604]]],[[[126.29541778564453,34.32569503784191],[126.3026351928711,34.323192596435604],[126.3029174804692,34.32208251953125],[126.2981948852539,34.32041549682634],[126.29541778564453,34.32569503784191]]],[[[126.1673583984375,34.32541656494152],[126.17124938964844,34.32513809204113],[126.1715240478519,34.323749542236385],[126.1673583984375,34.32541656494152]]],[[[126.12097167968784,34.329860687255916],[126.12374877929688,34.32541656494152],[126.11985778808594,34.32764053344721],[126.12097167968784,34.329860687255916]]],[[[126.14986419677734,34.32819366455101],[126.1576385498048,34.32847213745117],[126.15819549560547,34.327083587646655],[126.14986419677734,34.32819366455101]]],[[[125.97791290283249,34.33097076416027],[125.9809722900394,34.32541656494152],[125.97624969482433,34.323192596435604],[125.97430419921909,34.32597351074247],[125.97791290283249,34.33097076416027]]],[[[126.2979202270509,34.335414886474894],[126.30041503906261,34.32875061035156],[126.30430603027344,34.326805114746264],[126.29624938964889,34.32875061035156],[126.2979202270509,34.335414886474894]]],[[[125.97125244140659,34.34569549560547],[125.97624969482433,34.34319305419916],[125.9709701538086,34.344306945800895],[125.97125244140659,34.34569549560547]]],[[[126.1106948852539,34.349861145019474],[126.11319732666027,34.34263992309576],[126.10763549804688,34.33652877807623],[126.1073608398442,34.34569549560547],[126.1106948852539,34.349861145019474]]],[[[126.21152496337902,34.34930419921892],[126.21597290039062,34.34875106811529],[126.21375274658203,34.34541702270508],[126.21152496337902,34.34930419921892]]],[[[125.95347595214855,34.35374832153332],[125.95903015136764,34.344306945800895],[125.94819641113281,34.34097290039085],[125.94513702392578,34.344306945800895],[125.95347595214855,34.35374832153332]]],[[[126.12763977050827,34.3543052673341],[126.12930297851608,34.352916717529354],[126.12819671630882,34.35263824462896],[126.12763977050827,34.3543052673341]]],[[[125.98930358886764,34.35486221313505],[125.98958587646484,34.347915649414176],[125.98236083984409,34.35152816772461],[125.98347473144531,34.35374832153332],[125.98930358886764,34.35486221313505]]],[[[125.92874908447266,34.3543052673341],[125.93125152587925,34.351806640625],[125.93013763427734,34.35124969482422],[125.92874908447266,34.3543052673341]]],[[[126.12569427490246,34.35708236694336],[126.12374877929688,34.3543052673341],[126.12208557128918,34.35514068603521],[126.12236022949253,34.356250762939396],[126.12569427490246,34.35708236694336]]],[[[126.01513671875,34.36069488525402],[126.02263641357422,34.35708236694336],[126.02902984619186,34.341255187988395],[126.05347442626953,34.33208465576183],[126.06014251708984,34.32013702392578],[126.05069732666016,34.32485961914074],[126.04541778564476,34.32041549682634],[126.04652404785202,34.324028015136776],[126.03763580322266,34.329860687255916],[126.03319549560558,34.324028015136776],[126.02347564697277,34.3304176330567],[126.02014160156273,34.32180404663109],[125.99624633789062,34.32485961914074],[125.99764251709007,34.33763885498058],[125.99124908447288,34.338748931884766],[125.99819183349643,34.341526031494254],[126.01403045654331,34.33347320556658],[126.01125335693371,34.33930587768555],[126.02124786376953,34.33736038208019],[126.02597045898483,34.342082977295206],[126.01403045654331,34.34347152709955],[126.01319122314499,34.34875106811529],[126.02097320556652,34.350139617920036],[126.01235961914062,34.35458374023466],[126.01513671875,34.36069488525402]]],[[[126.12347412109375,34.36652755737316],[126.12486267089866,34.36402893066406],[126.12264251708996,34.364582061767635],[126.12347412109375,34.36652755737316]]],[[[126.04125213623081,34.377082824707315],[126.0448608398442,34.37513732910162],[126.04458618164062,34.373748779296875],[126.04125213623081,34.377082824707315]]],[[[125.94097137451206,34.379581451416016],[125.94541931152344,34.37874984741222],[125.9423599243164,34.36930465698265],[125.93458557128918,34.36430740356445],[125.93235778808594,34.368194580078296],[125.94097137451206,34.379581451416016]]],[[[125.96569824218795,34.38208389282249],[125.97402954101562,34.3723602294923],[125.9626388549807,34.36264038085932],[125.96236419677734,34.376525878906364],[125.97013854980469,34.37569427490257],[125.96569824218795,34.38208389282249]]],[[[126.12958526611328,34.38124847412115],[126.13124847412132,34.379581451416016],[126.13014221191406,34.379028320312614],[126.12958526611328,34.38124847412115]]],[[[126.03819274902378,34.38069534301758],[126.0415267944336,34.382362365722884],[126.04069519042969,34.379859924316406],[126.03819274902378,34.38069534301758]]],[[[126.00569152832031,34.38402938842779],[126.00708007812523,34.37541580200201],[126.0031967163086,34.37319564819347],[126.00180816650402,34.37763977050787],[126.00569152832031,34.38402938842779]]],[[[126.01457977294922,34.3837509155274],[126.01819610595703,34.3837509155274],[126.01791381835983,34.382637023925895],[126.01457977294922,34.3837509155274]]],[[[126.34430694580124,34.3870849609375],[126.34597015380905,34.38458251953119],[126.34347534179688,34.385417938232536],[126.34430694580124,34.3870849609375]]],[[[126.32707977294922,34.38652801513672],[126.3309707641605,34.38624954223633],[126.32736206054688,34.38319396972685],[126.32707977294922,34.38652801513672]]],[[[126.3245849609375,34.39291763305664],[126.32736206054688,34.390972137451115],[126.32485961914108,34.38986206054716],[126.3245849609375,34.39291763305664]]],[[[126.30236053466831,34.39513778686535],[126.30486297607422,34.38902664184582],[126.29708099365268,34.38458251953119],[126.31041717529308,34.382915496826286],[126.30930328369163,34.374027252197266],[126.3001403808596,34.368473052978686],[126.29208374023438,34.374027252197266],[126.2923583984375,34.36597061157238],[126.28624725341797,34.36402893066406],[126.27930450439453,34.36902618408209],[126.28347015380905,34.388748168945426],[126.30236053466831,34.39513778686535]]],[[[126.32653045654308,34.39569473266613],[126.3290252685548,34.394027709960994],[126.3259735107423,34.394306182861385],[126.32653045654308,34.39569473266613]]],[[[126.31236267089844,34.39652633666992],[126.31513977050815,34.394584655761776],[126.31291961669945,34.394027709960994],[126.31236267089844,34.39652633666992]]],[[[126.03263854980491,34.40097045898449],[126.0401382446289,34.39791488647484],[126.04096984863281,34.39319610595703],[126.03319549560558,34.39347076416021],[126.03263854980491,34.40097045898449]]],[[[126.34902954101608,34.399581909179744],[126.35208129882858,34.39902877807617],[126.35180664062511,34.39764022827143],[126.34902954101608,34.399581909179744]]],[[[126.01069641113293,34.40430450439476],[126.01513671875,34.400417327880916],[126.01152801513672,34.39541625976574],[126.00736236572288,34.39847183227539],[126.01069641113293,34.40430450439476]]],[[[126.04125213623081,34.40708160400385],[126.05152893066452,34.40069580078131],[126.05430603027344,34.39236068725586],[126.0420837402346,34.39680480957048],[126.0384750366211,34.402915954589844],[126.04125213623081,34.40708160400385]]],[[[126.35819244384777,34.41236114501959],[126.35708618164108,34.4056930541995],[126.35069274902366,34.402915954589844],[126.35375213623047,34.41041564941412],[126.35819244384777,34.41236114501959]]],[[[126.3670806884769,34.417640686035156],[126.37458038330124,34.41263961791998],[126.37236022949253,34.40819549560558],[126.36486053466842,34.41013717651373],[126.3670806884769,34.417640686035156]]],[[[126.00846862792969,34.42763900756836],[126.00680541992188,34.42458343505888],[126.00402832031273,34.42486190795927],[126.0045852661134,34.42680740356457],[126.00846862792969,34.42763900756836]]],[[[125.9840240478519,34.42819595336914],[125.99013519287143,34.42486190795927],[125.99180603027355,34.42124938964844],[125.98625183105514,34.42263793945318],[125.9840240478519,34.42819595336914]]],[[[126.08152770996094,34.42819595336914],[126.08541870117188,34.425971984863224],[126.08264160156284,34.42514038085943],[126.08152770996094,34.42819595336914]]],[[[126.08736419677746,34.43986129760742],[126.09124755859375,34.43875122070307],[126.08819580078125,34.43680572509777],[126.08736419677746,34.43986129760742]]],[[[126.0612487792971,34.44013977050781],[126.0656967163086,34.44235992431652],[126.06541442871105,34.438472747802905],[126.0612487792971,34.44013977050781]]],[[[125.99680328369175,34.45430374145525],[126.00208282470749,34.452915191650504],[126.00180816650402,34.45208358764671],[125.99680328369175,34.45430374145525]]],[[[126.04096984863281,34.45708465576172],[126.0426406860355,34.455696105957145],[126.04125213623081,34.455417633056754],[126.04096984863281,34.45708465576172]]],[[[125.9840240478519,34.45680618286133],[125.98625183105514,34.455417633056754],[125.98430633544922,34.453472137451456],[125.9840240478519,34.45680618286133]]],[[[126.02569580078125,34.45791625976568],[126.0281982421875,34.45819473266607],[126.02764129638717,34.455970764160156],[126.02569580078125,34.45791625976568]]],[[[126.09236145019565,34.46208190917969],[126.09625244140648,34.4573593139649],[126.1043090820317,34.45430374145525],[126.09263610839844,34.455970764160156],[126.09236145019565,34.46208190917969]]],[[[125.98569488525402,34.460971832275334],[125.99153137207054,34.46347045898443],[125.99208068847668,34.460971832275334],[125.98569488525402,34.460971832275334]]],[[[126.16680908203159,34.488193511963175],[126.1693038940432,34.48680496215826],[126.16708374023449,34.48625183105486],[126.16680908203159,34.488193511963175]]],[[[126.08569335937534,34.49347305297874],[126.08680725097679,34.48708343505882],[126.0809707641605,34.48430633544933],[126.07875061035202,34.49152755737305],[126.08569335937534,34.49347305297874]]],[[[126.1009750366211,34.49208450317383],[126.11125183105503,34.49180603027344],[126.1106948852539,34.48930740356451],[126.1009750366211,34.49208450317383]]],[[[126.05596923828125,34.49791717529297],[126.06625366210938,34.491249084472656],[126.05930328369186,34.488193511963175],[126.0581970214846,34.48125076293945],[126.06735992431686,34.48402786254894],[126.07069396972679,34.4806938171389],[126.06597137451217,34.47486114501953],[126.05347442626953,34.47263717651367],[126.05347442626953,34.467361450195256],[126.0426406860355,34.458751678467024],[126.03569793701217,34.46069335937517],[126.04235839843761,34.469860076904354],[126.03180694580078,34.48319625854498],[126.03958129882847,34.479583740234546],[126.04402923583984,34.490417480468864],[126.05097198486362,34.49208450317383],[126.04680633544922,34.49541854858404],[126.05596923828125,34.49791717529297]]],[[[126.1620864868164,34.511249542236385],[126.1690292358403,34.50930404663109],[126.16236114501987,34.505973815918026],[126.1620864868164,34.511249542236385]]],[[[126.21791839599643,34.535137176513786],[126.22013854980514,34.53430557250982],[126.21847534179688,34.53347396850586],[126.21791839599643,34.535137176513786]]],[[[126.17485809326172,34.537361145019474],[126.17708587646484,34.53458404541021],[126.1745834350586,34.53347396850586],[126.17485809326172,34.537361145019474]]],[[[126.35624694824219,34.539306640625],[126.35458374023449,34.53569412231457],[126.35069274902366,34.53708267211931],[126.35152435302746,34.539306640625],[126.35624694824219,34.539306640625]]],[[[126.22264099121128,34.552639007568416],[126.22624969482467,34.55041503906256],[126.22235870361328,34.55152893066406],[126.22264099121128,34.552639007568416]]],[[[126.21902465820312,34.552360534668026],[126.22152709960938,34.55291748046881],[126.22180175781295,34.55208206176786],[126.21902465820312,34.552360534668026]]],[[[126.30735778808594,34.55625152587908],[126.31014251708996,34.555137634277344],[126.30708312988293,34.555416107177734],[126.30735778808594,34.55625152587908]]],[[[126.31375122070324,34.55652618408209],[126.31680297851574,34.55680465698248],[126.31680297851574,34.555416107177734],[126.31375122070324,34.55652618408209]]],[[[126.20874786376953,34.55930709838873],[126.21319580078125,34.558193206787394],[126.21319580078125,34.555973052978686],[126.20819091796909,34.555416107177734],[126.20874786376953,34.55930709838873]]],[[[126.19708251953159,34.56791687011719],[126.19902801513683,34.56847381591797],[126.19875335693371,34.567081451416016],[126.19708251953159,34.56791687011719]]],[[[126.14958190918003,34.57097244262724],[126.15652465820335,34.566528320312614],[126.15180206298874,34.561527252197266],[126.14569091796875,34.564861297607706],[126.14958190918003,34.57097244262724]]],[[[126.1962509155278,34.572360992431584],[126.19985961914062,34.57097244262724],[126.19541931152378,34.57097244262724],[126.1962509155278,34.572360992431584]]],[[[126.15597534179688,34.57680511474621],[126.1576385498048,34.57652664184582],[126.15736389160168,34.57513809204107],[126.15597534179688,34.57680511474621]]],[[[126.1459732055664,34.58235931396496],[126.15041351318382,34.57847213745134],[126.14680480957031,34.57485961914068],[126.13652801513672,34.57847213745134],[126.1459732055664,34.58235931396496]]],[[[126.2004165649414,34.58235931396496],[126.1962509155278,34.57402801513672],[126.18902587890636,34.575695037841854],[126.19458007812545,34.58235931396496],[126.2004165649414,34.58235931396496]]],[[[126.25013732910156,34.58986282348644],[126.25208282470726,34.584861755371264],[126.25791931152378,34.587638854980526],[126.30208587646484,34.57152938842779],[126.30986022949253,34.56208419799805],[126.30180358886719,34.55625152587908],[126.31597137451195,34.54291534423828],[126.32485961914108,34.540973663330135],[126.32653045654308,34.546806335449276],[126.34180450439464,34.549861907959155],[126.33513641357433,34.54013824462896],[126.34486389160168,34.54291534423828],[126.35402679443382,34.532081604003906],[126.35208129882858,34.5273628234865],[126.36042022705101,34.526248931884766],[126.36846923828125,34.51514053344721],[126.37763977050827,34.51235961914074],[126.38263702392601,34.502361297607365],[126.37319183349632,34.496528625488395],[126.38097381591797,34.49236297607439],[126.37902832031295,34.48652648925787],[126.3848648071289,34.4806938171389],[126.37985992431675,34.47791671752941],[126.37541961669956,34.485694885253906],[126.3643035888673,34.48458480834972],[126.35847473144531,34.47735977172863],[126.36180877685592,34.47263717651367],[126.37208557128906,34.47152709960949],[126.37097167968761,34.464862823486555],[126.35819244384777,34.45680618286133],[126.36569213867222,34.44235992431652],[126.35375213623047,34.434581756591854],[126.34208679199253,34.415138244628906],[126.33597564697277,34.414585113525504],[126.33625030517624,34.399860382080135],[126.32319641113293,34.400138854980526],[126.32069396972656,34.4051399230957],[126.32707977294922,34.40652847290045],[126.32069396972656,34.41347122192377],[126.3259735107423,34.415138244628906],[126.31903076171898,34.42541503906267],[126.31903076171898,34.41875076293951],[126.31041717529308,34.4195823669433],[126.31430816650436,34.400138854980526],[126.3026351928711,34.41347122192377],[126.30652618408214,34.402915954589844],[126.29291534423828,34.40847396850597],[126.28874969482467,34.40375137329096],[126.29708099365268,34.397083282470874],[126.28902435302734,34.39319610595703],[126.27652740478516,34.38986206054716],[126.27680206298862,34.39597320556669],[126.26374816894531,34.39625167846708],[126.2598648071289,34.38624954223633],[126.2684707641605,34.384860992431584],[126.26736450195312,34.37763977050787],[126.24597167968773,34.379306793213004],[126.23652648925793,34.36875152587885],[126.23014068603538,34.37458419799822],[126.22930908203159,34.3698616027832],[126.22041320800804,34.36680603027355],[126.20263671875,34.37097167968756],[126.21013641357422,34.36902618408209],[126.21430206298862,34.36041641235363],[126.18736267089844,34.356250762939396],[126.18569183349643,34.35124969482422],[126.1795806884769,34.35124969482422],[126.18180847168014,34.359027862548885],[126.17346954345714,34.35235977172857],[126.16236114501987,34.35235977172857],[126.15597534179688,34.35708236694336],[126.15930175781295,34.36236190795893],[126.15264129638706,34.36652755737316],[126.14458465576183,34.364582061767635],[126.1459732055664,34.35819625854492],[126.12847137451206,34.35819625854492],[126.1370849609375,34.364860534668026],[126.1298599243164,34.36541748046881],[126.1384735107423,34.36902618408209],[126.13430786132858,34.374305725097656],[126.14541625976562,34.379859924316406],[126.14208221435592,34.385139465332145],[126.13097381591797,34.385417938232536],[126.1268081665039,34.37819290161127],[126.11430358886753,34.38124847412115],[126.11096954345703,34.394584655761776],[126.08985900878929,34.414585113525504],[126.09097290039074,34.42208480834961],[126.09708404541027,34.42235946655279],[126.09263610839844,34.42763900756836],[126.10069274902389,34.43069458007824],[126.09569549560547,34.43624877929699],[126.10124969482422,34.43624877929699],[126.10152435302768,34.441249847412166],[126.11180877685592,34.44847106933588],[126.11902618408214,34.44930648803722],[126.12513732910168,34.44319534301769],[126.12596893310547,34.45180511474615],[126.11819458007812,34.453193664551065],[126.11597442626964,34.459304809570426],[126.1393051147461,34.46847152709961],[126.14791870117222,34.47763824462902],[126.1715240478519,34.48458480834972],[126.17319488525402,34.49486160278349],[126.18985748291016,34.5140266418457],[126.19458007812545,34.51208496093756],[126.18985748291016,34.49819564819336],[126.1951370239259,34.494026184082145],[126.20486450195324,34.496250152587834],[126.2073593139653,34.50152587890625],[126.1995849609375,34.50458145141607],[126.19819641113304,34.51041793823242],[126.21041870117233,34.51708221435575],[126.22319793701217,34.51652908325195],[126.21152496337902,34.52708435058594],[126.21791839599643,34.5323600769043],[126.22486114501999,34.53097152709955],[126.22541809082031,34.54124832153332],[126.23430633544922,34.535415649414176],[126.25013732910156,34.560974121093864],[126.24485778808594,34.56819534301758],[126.23958587646507,34.5656929016115],[126.24375152587902,34.582084655761776],[126.2379150390625,34.58319473266613],[126.25013732910156,34.58986282348644]]],[[[126.18680572509766,34.5931930541995],[126.18958282470714,34.591251373291186],[126.18597412109386,34.590972900390796],[126.18680572509766,34.5931930541995]]]]}},{"type":"Feature","properties":{"ID_0":211,"ISO":"KOR","NAME_0":"South Korea","ID_1":14,"NAME_1":"Jeollanam-do","ID_2":191,"NAME_2":"Mokpo","NL_NAME_2":"???| ???","VARNAME_2":null,"TYPE_2":"Si","ENGTYPE_2":"City"},"geometry":{"type":"MultiPolygon","coordinates":[[[[126.34680175781284,34.80958175659208],[126.35069274902366,34.80652618408203],[126.34680175781284,34.80625152587902],[126.34680175781284,34.80958175659208]]],[[[126.33486175537132,34.81513977050804],[126.33985900878906,34.813751220703296],[126.34152984619163,34.810695648193416],[126.33791351318382,34.80930709838867],[126.33486175537132,34.81513977050804]]],[[[126.32736206054688,34.8154182434082],[126.3331909179692,34.79680633544922],[126.31458282470703,34.79180526733404],[126.31597137451195,34.808193206787166],[126.32736206054688,34.8154182434082]]],[[[126.35514068603527,34.816249847412394],[126.35736083984398,34.81458282470709],[126.35597229003906,34.81402587890631],[126.35514068603527,34.816249847412394]]],[[[126.33791351318382,34.834026336670036],[126.33791351318382,34.830970764160384],[126.33513641357433,34.828193664550895],[126.33458709716842,34.830696105957145],[126.33791351318382,34.834026336670036]]],[[[126.37152862548874,34.83847045898466],[126.37291717529342,34.83263778686529],[126.36653137207031,34.83263778686529],[126.36541748046875,34.835693359375],[126.37152862548874,34.83847045898466]]],[[[126.30347442626964,34.84180450439453],[126.30847167968784,34.84013748168957],[126.30403137207043,34.83819580078125],[126.30347442626964,34.84180450439453]]],[[[126.31236267089844,34.84375000000023],[126.31180572509766,34.84125137329113],[126.31014251708996,34.84152603149414],[126.30986022949253,34.84291839599604],[126.31236267089844,34.84375000000023]]],[[[126.29319763183639,34.851528167724666],[126.29541778564453,34.851528167724666],[126.29458618164074,34.84986114501976],[126.29319763183639,34.851528167724666]]],[[[126.36180877685592,34.85597229003912],[126.36042022705101,34.85652923584007],[126.36235809326172,34.85791778564459],[126.36180877685592,34.85597229003912]]],[[[126.35597229003906,34.857360839844034],[126.35930633544922,34.85569381713873],[126.35902404785156,34.85514068603533],[126.35597229003906,34.857360839844034]]],[[[126.2656936645509,34.863750457763956],[126.26736450195312,34.862915039062614],[126.265419006348,34.86125183105469],[126.2656936645509,34.863750457763956]]],[[[126.28152465820324,34.86791610717779],[126.28319549560547,34.866249084472656],[126.2809753417971,34.86652755737305],[126.28152465820324,34.86791610717779]]],[[[126.36958312988281,34.86791610717779],[126.37264251708984,34.8651390075683],[126.36985778808616,34.8626403808596],[126.36958312988281,34.86791610717779]]],[[[126.37847137451206,34.878471374511946],[126.3670806884769,34.865695953369254],[126.35763549804699,34.86541748046869],[126.36235809326172,34.875137329101676],[126.37847137451206,34.878471374511946]]],[[[126.34680175781284,34.88236236572277],[126.3495864868164,34.880695343017635],[126.34764099121116,34.87569427490246],[126.34680175781284,34.88236236572277]]],[[[126.25875091552757,34.90347290039068],[126.26319122314499,34.90236282348633],[126.25846862792991,34.9029159545899],[126.25875091552757,34.90347290039068]]],[[[126.27680206298862,34.914306640625],[126.27569580078125,34.91208267211914],[126.27458190917991,34.91402816772461],[126.27680206298862,34.914306640625]]],[[[126.29846954345703,34.922084808349666],[126.30541992187534,34.91986083984398],[126.303749084473,34.91402816772461],[126.30902862548874,34.91513824462896],[126.30708312988293,34.91208267211914],[126.31236267089844,34.90763854980469],[126.32013702392578,34.907081604004134],[126.32319641113293,34.91180419921875],[126.33625030517624,34.90930557250982],[126.34041595458984,34.901527404785156],[126.35152435302746,34.898471832275504],[126.3495864868164,34.886806488037166],[126.34513854980503,34.89430618286144],[126.33736419677734,34.8929176330567],[126.33569335937511,34.886528015136776],[126.32569122314487,34.89097213745123],[126.3301391601567,34.8795814514163],[126.31625366210949,34.88236236572277],[126.31485748291016,34.87597274780285],[126.32514190673828,34.87263870239258],[126.31402587890625,34.86708450317383],[126.32430267334018,34.8609733581543],[126.35736083984398,34.863750457763956],[126.3526382446289,34.85847091674822],[126.36069488525402,34.85180664062506],[126.36791992187511,34.85708236694347],[126.37152862548874,34.842639923095874],[126.36319732666061,34.84125137329113],[126.36791992187511,34.82430648803722],[126.3612518310548,34.819583892822266],[126.35208129882858,34.822360992431925],[126.34874725341797,34.81402587890631],[126.32763671875,34.82152938842796],[126.34486389160168,34.834026336670036],[126.34458160400413,34.84041595458996],[126.33708190918003,34.83874893188482],[126.33430480957031,34.84763717651367],[126.32347106933639,34.85097122192411],[126.32347106933639,34.85569381713873],[126.31652832031284,34.845695495605526],[126.31263732910179,34.8531951904298],[126.27569580078125,34.85541534423834],[126.2626419067384,34.839862823486385],[126.22763824462902,34.848751068115405],[126.23263549804688,34.86458206176775],[126.24236297607422,34.85874938964838],[126.26152801513717,34.85652923584007],[126.2679138183596,34.8609733581543],[126.27041625976562,34.87263870239258],[126.2740249633789,34.863750457763956],[126.2840270996096,34.863471984863395],[126.28430175781284,34.86986160278332],[126.27819824218784,34.87263870239258],[126.28041839599655,34.886806488037166],[126.29291534423828,34.8815269470216],[126.303749084473,34.88708496093756],[126.29846954345703,34.89764022827171],[126.28041839599655,34.910137176513786],[126.29846954345703,34.922084808349666]]],[[[126.28791809082065,34.921806335449276],[126.2915267944336,34.92124938964872],[126.28736114501976,34.919029235840014],[126.28791809082065,34.921806335449276]]]]}},{"type":"Feature","properties":{"ID_0":211,"ISO":"KOR","NAME_0":"South Korea","ID_1":14,"NAME_1":"Jeollanam-do","ID_2":192,"NAME_2":"Muan","NL_NAME_2":"???| ???","VARNAME_2":null,"TYPE_2":"Gun","ENGTYPE_2":"County"},"geometry":{"type":"MultiPolygon","coordinates":[[[[126.39680480957031,34.85902786254877],[126.39847564697311,34.85902786254877],[126.39875030517601,34.857360839844034],[126.39680480957031,34.85902786254877]]],[[[126.38569641113327,34.862915039062614],[126.38819122314487,34.859859466552734],[126.38847351074219,34.85791778564459],[126.38680267333996,34.85874938964838],[126.38569641113327,34.862915039062614]]],[[[126.38625335693371,34.88708496093756],[126.38764190673828,34.88624954223661],[126.38513946533237,34.88541793823242],[126.38625335693371,34.88708496093756]]],[[[126.35180664062511,34.91208267211914],[126.35652923584018,34.90597152709978],[126.35124969482456,34.900695800781364],[126.34402465820312,34.90791702270508],[126.35180664062511,34.91208267211914]]],[[[126.3848648071289,34.92235946655268],[126.38458251953125,34.92069625854492],[126.38236236572266,34.92069625854492],[126.3848648071289,34.92235946655268]]],[[[126.32347106933639,34.92319488525402],[126.3259735107423,34.92235946655268],[126.32208251953148,34.92235946655268],[126.32347106933639,34.92319488525402]]],[[[126.27735900878952,34.930416107177734],[126.27652740478516,34.92680740356445],[126.27513885498081,34.92652893066429],[126.27458190917991,34.9287490844726],[126.27735900878952,34.930416107177734]]],[[[126.27458190917991,34.934028625488565],[126.27735900878952,34.93152618408209],[126.27375030517612,34.93236160278326],[126.27458190917991,34.934028625488565]]],[[[126.2304153442384,34.93763732910162],[126.23847198486362,34.93264007568382],[126.25375366210938,34.93319320678722],[126.25152587890625,34.91513824462896],[126.24541473388672,34.919029235840014],[126.23374938964878,34.90930557250982],[126.22152709960938,34.915973663330135],[126.21930694580078,34.924861907958984],[126.2304153442384,34.93763732910162]]],[[[126.27291870117233,34.94458389282232],[126.27625274658203,34.945415496826286],[126.27569580078125,34.94374847412115],[126.27291870117233,34.94458389282232]]],[[[126.27597045898483,34.948192596435604],[126.27791595458996,34.948192596435604],[126.27791595458996,34.94736099243181],[126.27597045898483,34.948192596435604]]],[[[126.25069427490234,34.94374847412115],[126.25458526611328,34.94902801513672],[126.25458526611328,34.94319534301758],[126.25069427490234,34.94374847412115]]],[[[126.22819519042969,34.956806182861385],[126.2290267944336,34.95375061035173],[126.22708129882847,34.954303741455135],[126.22819519042969,34.956806182861385]]],[[[126.23958587646507,34.95763778686518],[126.24930572509777,34.9520835876466],[126.24346923828136,34.94402694702154],[126.23596954345749,34.94458389282232],[126.2304153442384,34.951248168945256],[126.23958587646507,34.95763778686518]]],[[[126.37930297851585,34.95930480957031],[126.37735748291016,34.9595832824707],[126.37930297851585,34.959861755371094],[126.37930297851585,34.95930480957031]]],[[[126.25958251953136,34.96236038208036],[126.26680755615234,34.95902633666992],[126.26319122314499,34.95180511474621],[126.25846862792991,34.957084655761776],[126.25958251953136,34.96236038208036]]],[[[126.273193359375,34.96986007690447],[126.2884750366211,34.96236038208036],[126.3001403808596,34.93875122070318],[126.29708099365268,34.93291854858421],[126.28763580322277,34.93763732910162],[126.28125000000034,34.93513870239252],[126.29096984863315,34.94486236572271],[126.28152465820324,34.9520835876466],[126.27625274658203,34.95041656494146],[126.2629165649414,34.96680450439459],[126.27153015136741,34.96430587768566],[126.273193359375,34.96986007690447]]],[[[126.31708526611328,35.015972137451286],[126.31958007812534,35.00791549682623],[126.31402587890625,34.99930572509777],[126.31097412109375,35.01402664184576],[126.31708526611328,35.015972137451286]]],[[[126.37513732910156,35.02819442749035],[126.37208557128906,35.024581909179744],[126.37403106689464,35.02819442749035],[126.37513732910156,35.02819442749035]]],[[[126.34652709960938,35.15986251831055],[126.34708404541016,35.1376380920413],[126.33875274658214,35.123474121093864],[126.34180450439464,35.12069320678722],[126.33152770996139,35.115139007568644],[126.32986450195312,35.10763931274437],[126.33569335937511,35.10402679443354],[126.33597564697277,35.09708404541021],[126.3309707641605,35.09375000000017],[126.34319305419922,35.092082977295036],[126.35375213623047,35.09986114501953],[126.35180664062511,35.08680725097685],[126.34319305419922,35.086250305175895],[126.34708404541016,35.07569503784191],[126.35152435302746,35.07958221435558],[126.35930633544922,35.074306488037166],[126.36597442626953,35.07930374145519],[126.36597442626953,35.06513977050798],[126.37014007568382,35.062362670898494],[126.3879165649414,35.08680725097685],[126.40097045898472,35.08180618286127],[126.39097595214844,35.07986068725597],[126.38430786132858,35.06735992431669],[126.38986206054699,35.06513977050798],[126.3973617553711,35.0765266418457],[126.40763854980514,35.06291580200207],[126.39902496337902,35.05208206176758],[126.40736389160156,35.053749084472884],[126.40902709960949,35.05263900756853],[126.39097595214844,35.04375076293951],[126.40180206298851,35.04347229003912],[126.4023590087894,35.02791595458996],[126.41708374023438,35.026805877685604],[126.42597198486328,35.02819442749035],[126.41819763183628,35.03958511352545],[126.42263793945312,35.04735946655296],[126.44319152832054,35.056804656982536],[126.45545959472702,35.074028015137],[126.48043823242233,35.05215835571295],[126.4771194458009,35.02961349487305],[126.5015869140625,35.00970458984381],[126.49804687500045,34.986511230468864],[126.50309753417969,34.980598449707145],[126.52955627441406,34.97348022460943],[126.55781555175815,34.97240066528343],[126.53746032714844,34.926753997802905],[126.52713012695312,34.918125152588004],[126.52440643310547,34.90567016601557],[126.52880096435547,34.88857650756847],[126.5559310913086,34.86045074462902],[126.55709075927734,34.84018707275419],[126.55164337158249,34.825229644775504],[126.49376678466797,34.80092620849621],[126.43145751953136,34.78469848632824],[126.4092025756836,34.78128814697277],[126.3912506103519,34.78819274902361],[126.38430786132858,34.78180694580084],[126.36902618408203,34.78069305419933],[126.36152648925781,34.80069351196289],[126.37097167968761,34.80902862548828],[126.37041473388683,34.8154182434082],[126.37596893310592,34.82180404663097],[126.38236236572266,34.82013702392584],[126.38402557373047,34.827915191650504],[126.3918075561528,34.830696105957145],[126.3890304565432,34.83514022827177],[126.4023590087894,34.84291839599604],[126.41236114501964,34.84291839599604],[126.40458679199264,34.84791564941406],[126.40347290039062,34.86486053466814],[126.3951416015625,34.86847305297857],[126.40208435058605,34.8795814514163],[126.3943023681644,34.88236236572277],[126.39763641357422,34.88458251953131],[126.41458129882835,34.886806488037166],[126.41708374023438,34.88874816894531],[126.39569091796909,34.88597106933622],[126.38680267333996,34.87763977050798],[126.39347076416061,34.89374923706049],[126.39152526855469,34.89986038208025],[126.4004135131836,34.89986038208025],[126.40513610839855,34.910415649414176],[126.38957977294956,34.92736053466825],[126.39847564697311,34.93458175659197],[126.3879165649414,34.945693969726676],[126.39347076416061,34.96458435058605],[126.37958526611351,34.971248626708984],[126.3804168701173,34.98708343505871],[126.37374877929722,34.989860534668196],[126.3718032836914,34.99874877929682],[126.3670806884769,34.99375152587902],[126.36846923828125,34.974582672119254],[126.35930633544922,34.96958160400408],[126.36013793945358,34.96180725097656],[126.36846923828125,34.962917327880916],[126.37513732910156,34.957084655761776],[126.36541748046875,34.94291687011719],[126.37403106689464,34.941806793212834],[126.36624908447311,34.93208312988287],[126.37041473388683,34.92402648925781],[126.36846923828125,34.919303894043026],[126.36096954345737,34.92013931274437],[126.35847473144531,34.92791748046881],[126.35485839843761,34.930137634277344],[126.35763549804699,34.922084808349666],[126.34152984619163,34.9148597717288],[126.32930755615268,34.91652679443371],[126.32707977294922,34.930416107177734],[126.30625152587913,34.9287490844726],[126.30486297607422,34.93458175659197],[126.30958557128929,34.93291854858421],[126.32069396972656,34.94374847412115],[126.30930328369163,34.947917938232365],[126.2948608398442,34.965694427490234],[126.29708099365268,34.975971221924],[126.31208038330124,34.9879150390625],[126.30902862548874,34.97569274902344],[126.31541442871094,34.974582672119254],[126.31903076171898,34.98152923584013],[126.32763671875,34.96680450439459],[126.34764099121116,34.975139617920206],[126.35124969482456,34.982917785644474],[126.35874938964889,34.98569488525396],[126.35763549804699,34.99291610717785],[126.33985900878906,34.99708175659191],[126.33403015136753,34.99124908447294],[126.33291625976562,34.99402618408203],[126.38986206054699,35.02402877807634],[126.3890304565432,35.0370826721192],[126.38236236572266,35.04680633544916],[126.35180664062511,35.03958511352545],[126.34764099121116,35.04569625854498],[126.34735870361374,35.050971984863395],[126.35180664062511,35.05236053466814],[126.34902954101608,35.05736160278332],[126.33152770996139,35.06097412109375],[126.34486389160168,35.06930541992199],[126.33264160156261,35.08819580078119],[126.31847381591797,35.0884704589846],[126.31319427490246,35.08180618286127],[126.30347442626964,35.09347152709961],[126.30819702148438,35.08124923706072],[126.31791687011719,35.07902908325218],[126.31180572509766,35.07541656494135],[126.31402587890625,35.06735992431669],[126.3009719848634,35.06180572509771],[126.31208038330124,35.059307098388615],[126.31430816650436,35.05402755737305],[126.29652404785179,35.04097366333019],[126.30208587646484,35.04624938964861],[126.29041290283226,35.0484733581543],[126.29513549804688,35.05347061157249],[126.29125213623058,35.059860229492415],[126.28236389160156,35.06152725219732],[126.27680206298862,35.053749084472884],[126.2629165649414,35.053195953369084],[126.26403045654331,35.062084197998104],[126.25680541992188,35.07902908325218],[126.273193359375,35.083194732666016],[126.28347015380905,35.077362060546875],[126.2818069458009,35.08069610595709],[126.26958465576172,35.08430480957037],[126.25180816650436,35.080139160156534],[126.24597167968773,35.08430480957037],[126.25180816650436,35.097915649414176],[126.2679138183596,35.09708404541021],[126.24458312988281,35.11680603027338],[126.25235748291027,35.13430404663086],[126.2612533569336,35.13180541992193],[126.25624847412121,35.138748168945256],[126.25846862792991,35.14347076416027],[126.26819610595726,35.144584655761776],[126.2740249633789,35.151248931884936],[126.27930450439453,35.13541793823259],[126.2906951904298,35.135692596435604],[126.2926406860355,35.13930511474621],[126.28874969482467,35.14097213745117],[126.2926406860355,35.141803741455135],[126.30874633789062,35.13735961914091],[126.30791473388672,35.127361297607536],[126.32152557373047,35.12791824340849],[126.33125305175781,35.142082214355526],[126.32485961914108,35.14875030517584],[126.32875061035179,35.15208435058605],[126.33513641357433,35.14875030517584],[126.34652709960938,35.15986251831055]]]]}},{"type":"Feature","properties":{"ID_0":211,"ISO":"KOR","NAME_0":"South Korea","ID_1":14,"NAME_1":"Jeollanam-do","ID_2":193,"NAME_2":"Naju","NL_NAME_2":"???| ???","VARNAME_2":null,"TYPE_2":"Si","ENGTYPE_2":"City"},"geometry":{"type":"Polygon","coordinates":[[[126.89784240722668,35.04301071166998],[126.88995361328148,35.010848999023494],[126.90455627441406,34.976387023925895],[126.87547302246105,34.93027877807623],[126.87068939209007,34.87678527832037],[126.86600494384766,34.86823654174805],[126.81379699707031,34.86577224731445],[126.79897308349632,34.87667083740229],[126.75679779052734,34.89332580566406],[126.73161315917969,34.886791229248104],[126.72640228271484,34.89222717285162],[126.71915435791016,34.92115020751953],[126.70692443847656,34.93224716186535],[126.68500518798828,34.92801284790045],[126.68001556396496,34.92107009887695],[126.68399810791027,34.892189025878906],[126.67810821533214,34.88603210449219],[126.64417266845703,34.8809165954591],[126.62625885009766,34.90705871582031],[126.59043884277344,34.90667724609375],[126.57592010498047,34.872081756591854],[126.5559310913086,34.86045074462902],[126.52519226074219,34.89698028564459],[126.52713012695312,34.918125152588004],[126.53746032714844,34.926753997802734],[126.55781555175781,34.97240066528326],[126.58206176757812,34.9717636108399],[126.59757232666027,34.98172760009777],[126.60486602783214,35.04777526855469],[126.6128616333009,35.06492614746088],[126.62120056152366,35.075653076171875],[126.65266418457031,35.078876495361385],[126.67742156982422,35.10314559936535],[126.70422363281261,35.102664947509766],[126.72766876220714,35.09112548828125],[126.7787094116211,35.08205032348633],[126.78491210937511,35.07729721069336],[126.79270172119152,35.051700592041016],[126.7996597290039,35.047473907470646],[126.83151245117188,35.04807662963867],[126.85932922363281,35.05469894409191],[126.89784240722668,35.04301071166998]]]}},{"type":"Feature","properties":{"ID_0":211,"ISO":"KOR","NAME_0":"South Korea","ID_1":14,"NAME_1":"Jeollanam-do","ID_2":194,"NAME_2":"Sinan","NL_NAME_2":"???| ???","VARNAME_2":null,"TYPE_2":"Gun","ENGTYPE_2":"County"},"geometry":{"type":"MultiPolygon","coordinates":[[[[125.09819793701183,34.0962486267091],[125.12347412109386,34.086807250976676],[125.12291717529331,34.071804046630916],[125.14402770996128,34.04958343505865],[125.12430572509766,34.050693511962834],[125.12236022949241,34.04652786254883],[125.11235809326217,34.06375122070324],[125.08541870117199,34.07374954223644],[125.09430694580112,34.07430648803722],[125.09819793701183,34.0962486267091]]],[[[125.09291839599643,34.115695953369254],[125.09569549560547,34.11513900756847],[125.09291839599643,34.11430740356451],[125.09291839599643,34.115695953369254]]],[[[125.08180236816418,34.11680603027361],[125.0873641967778,34.11652755737305],[125.0865249633789,34.11513900756847],[125.08180236816418,34.11680603027361]]],[[[125.48847198486351,34.20236206054693],[125.49153137207077,34.20513916015625],[125.49208068847668,34.19930648803711],[125.48847198486351,34.20236206054693]]],[[[125.47319793701183,34.21486282348661],[125.47208404541061,34.20791625976574],[125.48542022705101,34.20513916015625],[125.47708129882812,34.20180511474638],[125.47125244140625,34.206527709960994],[125.46652984619152,34.20180511474638],[125.46624755859398,34.212638854980526],[125.47319793701183,34.21486282348661]]],[[[125.28402709960972,34.4040260314942],[125.29235839843795,34.39152908325207],[125.2979202270509,34.391250610351506],[125.29875183105469,34.39625167846708],[125.31513977050781,34.38597106933594],[125.30680847167969,34.38152694702154],[125.30041503906295,34.38652801513672],[125.29652404785156,34.379581451416016],[125.2826385498048,34.400138854980526],[125.28402709960972,34.4040260314942]]],[[[125.2823638916019,34.432361602783146],[125.28930664062545,34.42514038085943],[125.2854156494144,34.41736221313499],[125.27625274658214,34.42874908447271],[125.2823638916019,34.432361602783146]]],[[[125.29347229003906,34.45208358764671],[125.29541778564464,34.438472747802905],[125.2773590087894,34.434581756591854],[125.29013824462925,34.45180511474615],[125.29347229003906,34.45208358764671]]],[[[125.29763793945335,34.453193664551065],[125.30041503906295,34.452640533447266],[125.30069732666038,34.450138092041016],[125.29763793945335,34.453193664551065]]],[[[125.29985809326206,34.46347045898443],[125.30069732666038,34.458751678467024],[125.29486083984386,34.458473205566634],[125.29374694824264,34.461250305175724],[125.29985809326206,34.46347045898443]]],[[[125.30124664306675,34.46958160400396],[125.3051376342778,34.46652603149414],[125.30347442626999,34.46347045898443],[125.3009719848634,34.464584350585994],[125.30124664306675,34.46958160400396]]],[[[126.12374877929688,34.510971069335994],[126.12097167968784,34.511249542236385],[126.12403106689487,34.51235961914074],[126.12374877929688,34.510971069335994]]],[[[126.12541961669956,34.514305114746094],[126.1268081665039,34.51291656494152],[126.12458038330124,34.51263809204113],[126.12541961669956,34.514305114746094]]],[[[126.08597564697266,34.51680374145536],[126.08902740478516,34.514305114746094],[126.08569335937534,34.51569366455101],[126.08597564697266,34.51680374145536]]],[[[126.08430480957043,34.51902770996105],[126.08680725097679,34.51902770996105],[126.08430480957043,34.51708221435575],[126.08430480957043,34.51902770996105]]],[[[126.09375000000034,34.520416259765625],[126.09791564941406,34.517360687255916],[126.09319305419945,34.51902770996105],[126.09375000000034,34.520416259765625]]],[[[125.68264007568382,34.523471832275675],[125.68791961669922,34.52097320556658],[125.68597412109398,34.51930618286144],[125.68264007568382,34.523471832275675]]],[[[126.01347351074241,34.531806945800895],[126.01597595214844,34.529304504394645],[126.0129165649414,34.53013992309576],[126.01347351074241,34.531806945800895]]],[[[126.10208129882858,34.529026031494254],[126.10791778564453,34.5298614501956],[126.1073608398442,34.52708435058594],[126.10208129882858,34.529026031494254]]],[[[126.03763580322266,34.54486083984375],[126.04235839843761,34.54402923583979],[126.04402923583984,34.54319381713884],[126.03763580322266,34.54486083984375]]],[[[125.88764190673874,34.56791687011719],[125.89069366455124,34.56263732910162],[125.88180541992188,34.561527252197266],[125.8812484741211,34.564304351806754],[125.88764190673874,34.56791687011719]]],[[[125.91152954101608,34.5676383972168],[125.9156951904298,34.566806793213004],[125.91208648681652,34.56513977050787],[125.91152954101608,34.5676383972168]]],[[[126.09458160400436,34.56874847412115],[126.10208129882858,34.55486297607433],[126.08264160156284,34.555694580078125],[126.08625030517624,34.545970916748104],[126.0773620605471,34.54013824462896],[126.06236267089855,34.54013824462896],[126.06402587890625,34.53374862670904],[126.05652618408203,34.53458404541021],[126.05625152587936,34.53041839599615],[126.02541351318393,34.53458404541021],[126.02930450439476,34.54402923583979],[126.0451354980471,34.537639617919865],[126.04680633544922,34.545970916748104],[126.06069183349655,34.54819488525402],[126.05735778808594,34.55152893066406],[126.06014251708984,34.55486297607433],[126.04041290283249,34.55791473388683],[126.02735900878906,34.55125045776367],[126.02569580078125,34.555694580078125],[126.03097534179688,34.561527252197266],[126.03458404541016,34.55902862548834],[126.03347015380871,34.56347274780296],[126.04763793945312,34.564861297607706],[126.05236053466831,34.55930709838873],[126.05652618408203,34.56208419799805],[126.069580078125,34.557918548583984],[126.08235931396484,34.56791687011719],[126.09458160400436,34.56874847412115]]],[[[126.01374816894543,34.56819534301758],[126.01652526855491,34.567081451416016],[126.01486206054733,34.56597137451166],[126.01374816894543,34.56819534301758]]],[[[126.08430480957043,34.57180404663103],[126.0831909179692,34.56847381591797],[126.0804138183596,34.570137023925895],[126.0801391601567,34.57180404663103],[126.08430480957043,34.57180404663103]]],[[[126.0709686279298,34.57208251953142],[126.07347106933639,34.57097244262724],[126.07069396972679,34.57152938842779],[126.0709686279298,34.57208251953142]]],[[[125.90069580078125,34.57402801513672],[125.90374755859375,34.572917938232536],[125.90041351318405,34.573192596435774],[125.90069580078125,34.57402801513672]]],[[[125.89541625976562,34.57513809204107],[125.89902496337913,34.57513809204107],[125.89569091796898,34.57347106933594],[125.89541625976562,34.57513809204107]]],[[[126.07847595214844,34.57485961914068],[126.08235931396484,34.57485961914068],[126.0804138183596,34.572639465331974],[126.07847595214844,34.57485961914068]]],[[[125.90625000000011,34.575973510742244],[125.90875244140648,34.576248168945426],[125.90847015380882,34.5745849609375],[125.90625000000011,34.575973510742244]]],[[[126.10041809082043,34.57819366455095],[126.101806640625,34.57374954223633],[126.09319305419945,34.57541656494146],[126.09347534179699,34.576248168945426],[126.10041809082043,34.57819366455095]]],[[[126.08291625976562,34.576248168945426],[126.08819580078125,34.57791519165039],[126.08680725097679,34.57430648803711],[126.08291625976562,34.576248168945426]]],[[[125.83763885498047,34.58430480957031],[125.83985900878906,34.58235931396496],[125.83736419677734,34.582084655761776],[125.83763885498047,34.58430480957031]]],[[[125.99680328369175,34.5926399230957],[126.00041961669967,34.591251373291186],[126.00041961669967,34.587638854980526],[125.99624633789062,34.58819580078131],[125.99680328369175,34.5926399230957]]],[[[126.00402832031273,34.58986282348644],[126.00736236572288,34.590415954589844],[126.00485992431652,34.587360382080135],[126.00402832031273,34.58986282348644]]],[[[125.98764038085983,34.591251373291186],[125.98986053466797,34.592918395996094],[125.99041748046875,34.591251373291186],[125.98764038085983,34.591251373291186]]],[[[125.87069702148449,34.59847259521507],[125.87625122070358,34.59819412231451],[125.87652587890648,34.59541702270519],[125.87069702148449,34.59847259521507]]],[[[125.9745864868164,34.60430526733404],[125.97513580322288,34.599582672119425],[125.9840240478519,34.60347366333008],[125.98680877685547,34.60069274902361],[125.97597503662121,34.5951385498048],[125.97902679443371,34.579303741455305],[125.96958160400425,34.57736206054716],[125.96680450439464,34.58819580078131],[125.97402954101562,34.58874893188488],[125.97291564941418,34.59486007690424],[125.95735931396484,34.5931930541995],[125.95652770996105,34.59763717651373],[125.96624755859386,34.597084045410156],[125.9745864868164,34.60430526733404]]],[[[125.99013519287143,34.60679626464861],[125.99319458007812,34.60347366333008],[125.98958587646484,34.60486221313499],[125.99013519287143,34.60679626464861]]],[[[126.00595855712925,34.60736083984369],[126.00708007812523,34.60013961791998],[125.99764251709007,34.59763717651373],[125.99847412109386,34.602085113525504],[126.00595855712925,34.60736083984369]]],[[[126.10874938964889,34.61486053466797],[126.11541748046898,34.61208343505871],[126.10847473144531,34.611526489257926],[126.10874938964889,34.61486053466797]]],[[[126.04930877685581,34.61541748046875],[126.05291748046875,34.61041641235357],[126.04680633544922,34.60874938964844],[126.05014038085983,34.61236190795927],[126.04930877685581,34.61541748046875]]],[[[125.87291717529297,34.617084503173885],[125.87985992431663,34.60930633544922],[125.88903045654342,34.607917785644645],[125.88680267334018,34.60486221313499],[125.89402770996094,34.60069274902361],[125.89263916015648,34.59736251831072],[125.87847137451172,34.605415344238395],[125.87291717529297,34.617084503173885]]],[[[125.86819458007824,34.617362976074276],[125.87291717529297,34.60736083984369],[125.86902618408203,34.602085113525504],[125.86736297607445,34.602638244628906],[125.86819458007824,34.617362976074276]]],[[[126.18430328369175,34.61819458007824],[126.18569183349643,34.61180496215832],[126.18264007568393,34.610973358154354],[126.18096923828125,34.61541748046875],[126.18430328369175,34.61819458007824]]],[[[126.17514038085972,34.61791610717785],[126.17903137207054,34.61597061157232],[126.1745834350586,34.617084503173885],[126.17514038085972,34.61791610717785]]],[[[126.03624725341808,34.61902618408203],[126.03930664062511,34.61875152587919],[126.03930664062511,34.617362976074276],[126.03624725341808,34.61902618408203]]],[[[126.16347503662121,34.619861602783374],[126.16764068603561,34.61902618408203],[126.16319274902366,34.61875152587919],[126.16347503662121,34.619861602783374]]],[[[125.86264038085938,34.62125015258789],[125.86680603027344,34.62097167968773],[125.86653137207065,34.61958312988298],[125.86264038085938,34.62125015258789]]],[[[125.87541961669922,34.62069320678734],[125.8781967163086,34.62208175659208],[125.87958526611328,34.62014007568354],[125.87541961669922,34.62069320678734]]],[[[126.21958160400425,34.62374877929699],[126.22208404541016,34.62208175659208],[126.21930694580078,34.622638702392635],[126.21958160400425,34.62374877929699]]],[[[126.12097167968784,34.62486267089855],[126.12569427490246,34.61875152587919],[126.10986328125011,34.61875152587919],[126.10791778564453,34.622360229492244],[126.12097167968784,34.62486267089855]]],[[[126.19486236572288,34.62513732910156],[126.21930694580078,34.62458419799816],[126.21541595458984,34.617362976074276],[126.19486236572288,34.62513732910156]]],[[[126.04902648925793,34.6279182434082],[126.07263946533203,34.625972747802905],[126.07707977294945,34.62152862548828],[126.0729141235355,34.614582061767805],[126.08291625976562,34.61624908447271],[126.08847045898438,34.60486221313499],[126.10013580322277,34.608196258545036],[126.1009750366211,34.602638244628906],[126.09236145019565,34.60069274902361],[126.10375213623058,34.5951385498048],[126.10152435302768,34.58847045898432],[126.11152648925781,34.58874893188488],[126.10263824462913,34.58291625976574],[126.1048583984375,34.579029083251896],[126.08652496337913,34.58430480957031],[126.08430480957043,34.58958435058605],[126.07180786132824,34.58874893188488],[126.0737533569336,34.59430694580084],[126.0690307617192,34.592918395996094],[126.06764221191429,34.596805572509766],[126.07347106933639,34.59819412231451],[126.06708526611328,34.6029167175293],[126.069580078125,34.611526489257926],[126.04846954345726,34.619861602783374],[126.04902648925793,34.6279182434082]]],[[[126.0687484741211,34.62985992431635],[126.07152557373058,34.62985992431635],[126.07152557373058,34.62930679321295],[126.0687484741211,34.62985992431635]]],[[[125.8509750366211,34.63069534301769],[125.85708618164062,34.62958145141596],[125.85847473144543,34.62208175659208],[125.85319519042969,34.61902618408203],[125.858192443848,34.61902618408203],[125.86264038085938,34.60486221313499],[125.84124755859375,34.596805572509766],[125.82569122314476,34.60041809082037],[125.81958007812511,34.5926399230957],[125.81124877929688,34.59597396850597],[125.81069183349621,34.60319519042969],[125.82402801513672,34.60374832153326],[125.82930755615246,34.60874938964844],[125.81319427490257,34.61013793945318],[125.81375122070347,34.61624908447271],[125.80319213867233,34.622917175293026],[125.81180572509766,34.622360229492244],[125.82152557373081,34.614582061767805],[125.8509750366211,34.63069534301769]]],[[[126.00208282470749,34.631526947021484],[126.0098648071289,34.61958312988298],[126.00930786132812,34.610973358154354],[125.99764251709007,34.60597229003935],[125.99736022949264,34.61180496215832],[125.98542022705112,34.60902786254883],[125.98819732666038,34.616527557373104],[125.99736022949264,34.61847305297863],[125.99041748046875,34.62097167968773],[125.99402618408203,34.62902832031256],[126.00208282470749,34.631526947021484]]],[[[126.0656967163086,34.63513946533209],[126.06847381591808,34.63263702392584],[126.06513977050815,34.63375091552757],[126.0656967163086,34.63513946533209]]],[[[126.02874755859375,34.63541793823248],[126.0281982421875,34.6279182434082],[126.0398635864259,34.628471374512],[126.03125,34.61958312988298],[126.03375244140636,34.60625076293974],[126.03874969482467,34.60874938964844],[126.0398635864259,34.60041809082037],[126.05513763427746,34.60430526733404],[126.05263519287121,34.58680725097656],[126.06014251708984,34.59236145019554],[126.06458282470726,34.58319473266613],[126.05874633789074,34.57652664184582],[126.06069183349655,34.57208251953142],[126.05319213867233,34.57152938842779],[126.05541992187534,34.56791687011719],[126.04875183105491,34.57430648803711],[126.0415267944336,34.56791687011719],[126.03514099121128,34.57652664184582],[126.03347015380871,34.57180404663103],[126.02597045898483,34.57125091552763],[126.02930450439476,34.56513977050787],[126.01819610595703,34.564861297607706],[126.02180480957031,34.57430648803711],[126.01652526855491,34.57541656494146],[126.02014160156273,34.57819366455095],[126.01541900634766,34.578750610351506],[126.01430511474621,34.58514022827143],[126.02652740478527,34.5926399230957],[126.02208709716797,34.593471527099894],[126.02597045898483,34.59375],[126.02291870117233,34.59791564941412],[126.01930236816452,34.5951385498048],[126.01958465576172,34.60013961791998],[126.01097106933628,34.596248626708984],[126.01652526855491,34.61847305297863],[126.01013946533249,34.63097381591808],[126.02874755859375,34.63541793823248]]],[[[125.94180297851608,34.63597106933588],[125.94374847412121,34.631526947021484],[125.94097137451206,34.62902832031256],[125.93791961669956,34.63263702392584],[125.94180297851608,34.63597106933588]]],[[[126.2043075561528,34.637084960937614],[126.20569610595703,34.63569259643572],[126.2045822143557,34.634860992431925],[126.2043075561528,34.637084960937614]]],[[[126.07653045654331,34.63847351074219],[126.07986450195312,34.634860992431925],[126.07958221435581,34.63375091552757],[126.07430267334018,34.634860992431925],[126.07653045654331,34.63847351074219]]],[[[126.09236145019565,34.637638092041016],[126.09625244140648,34.63680648803722],[126.09513854980469,34.63513946533209],[126.09236145019565,34.637638092041016]]],[[[126.0801391601567,34.637638092041016],[126.08847045898438,34.63347244262718],[126.08875274658203,34.62930679321295],[126.0801391601567,34.637638092041016]]],[[[126.08819580078125,34.642917633056754],[126.09180450439453,34.64014053344749],[126.08791351318405,34.640972137451456],[126.08819580078125,34.642917633056754]]],[[[125.96180725097656,34.64513778686529],[125.97486114501999,34.634582519531534],[125.9798583984375,34.625694274902344],[125.97708129882812,34.61875152587919],[125.97013854980469,34.61902618408203],[125.96430206298828,34.62902832031256],[125.95541381835972,34.623195648193416],[125.9462509155278,34.634029388427734],[125.94763946533214,34.63958358764654],[125.95347595214855,34.637084960937614],[125.96180725097656,34.64513778686529]]],[[[126.00208282470749,34.63847351074219],[126.01985931396507,34.64430618286133],[126.01985931396507,34.6398620605471],[126.00791931152378,34.63430404663097],[126.00208282470749,34.63847351074219]]],[[[126.02625274658226,34.64569473266607],[126.02958679199241,34.64569473266607],[126.02986145019565,34.6448593139649],[126.02625274658226,34.64569473266607]]],[[[126.0076370239259,34.64708328247082],[126.01069641113293,34.648750305175724],[126.0120849609375,34.646526336670036],[126.0076370239259,34.64708328247082]]],[[[126.10847473144531,34.64764022827177],[126.11291503906261,34.646251678467024],[126.11013793945312,34.64458465576172],[126.10847473144531,34.64764022827177]]],[[[126.04374694824219,34.64819335937517],[126.0481948852539,34.64847183227556],[126.04792022705112,34.642917633056754],[126.04374694824219,34.64819335937517]]],[[[126.00514221191418,34.65263748168957],[126.00708007812523,34.65097045898443],[126.0045852661134,34.65152740478521],[126.00514221191418,34.65263748168957]]],[[[125.9509735107423,34.65291595458996],[125.95986175537143,34.6537513732913],[125.95986175537143,34.651805877685604],[125.9509735107423,34.65291595458996]]],[[[125.88375091552768,34.65486145019548],[125.89597320556663,34.65152740478521],[125.882362365723,34.649581909179915],[125.88375091552768,34.65486145019548]]],[[[125.46402740478527,34.65597152709984],[125.47930908203136,34.6537513732913],[125.47819519043003,34.649028778076115],[125.4656982421875,34.637359619140625],[125.45569610595737,34.6423606872558],[125.45930480957077,34.64513778686529],[125.45597076416016,34.648750305175724],[125.46514129638672,34.65124893188482],[125.46402740478527,34.65597152709984]]],[[[126.08235931396484,34.658473968505916],[126.08541870117188,34.658473968505916],[126.08235931396484,34.657917022705135],[126.08235931396484,34.658473968505916]]],[[[126.0118026733403,34.66013717651367],[126.01513671875,34.658195495605526],[126.01152801513672,34.65930557250988],[126.0118026733403,34.66013717651367]]],[[[126.18708038330078,34.66291809082031],[126.18875122070335,34.66152954101557],[126.18653106689464,34.66069412231445],[126.18708038330078,34.66291809082031]]],[[[125.8470840454105,34.66319274902372],[125.85124969482445,34.66263961791992],[125.85041809082031,34.660972595215014],[125.8470840454105,34.66319274902372]]],[[[126.01763916015636,34.66764068603533],[126.02124786376953,34.666526794433594],[126.01875305175781,34.66485977172846],[126.01763916015636,34.66764068603533]]],[[[126.04763793945312,34.669029235839844],[126.04624938964855,34.661251068115405],[126.05229949951217,34.65402603149414],[126.0504150390625,34.64986038208008],[126.04347229003952,34.65291595458996],[126.04763793945312,34.669029235839844]]],[[[126.03375244140636,34.66791534423834],[126.0384750366211,34.672359466552734],[126.03958129882847,34.669029235839844],[126.03375244140636,34.66791534423834]]],[[[126.15319824218795,34.672916412353516],[126.1620864868164,34.669860839844034],[126.16986083984409,34.65986251831066],[126.17485809326172,34.66347122192411],[126.17485809326172,34.65652847290039],[126.18152618408203,34.657638549804744],[126.18791961669956,34.65124893188482],[126.18264007568393,34.64402770996094],[126.18791961669956,34.64152908325201],[126.18458557128906,34.637916564941406],[126.20069122314499,34.64263916015619],[126.2015304565432,34.63569259643572],[126.18152618408203,34.63069534301769],[126.17485809326172,34.62152862548828],[126.16347503662121,34.628471374512],[126.15152740478516,34.62402725219738],[126.15208435058594,34.61819458007824],[126.12264251708996,34.61541748046875],[126.12902832031261,34.61875152587919],[126.12291717529297,34.62736129760765],[126.13402557373047,34.64152908325201],[126.12791442871116,34.64791488647461],[126.11736297607422,34.6423606872558],[126.11458587646484,34.65124893188482],[126.12708282470737,34.652084350585994],[126.13041687011719,34.66041564941406],[126.13874816894531,34.65541839599604],[126.14291381835972,34.666526794433594],[126.15319824218795,34.672916412353516]]],[[[125.84652709960938,34.67402648925787],[125.8523635864259,34.67458343505865],[125.84791564941429,34.67208480834972],[125.84652709960938,34.67402648925787]]],[[[126.15264129638706,34.675693511963004],[126.15486145019577,34.675415039062614],[126.15486145019577,34.67458343505865],[126.15264129638706,34.675693511963004]]],[[[126.1620864868164,34.681804656982536],[126.16402435302746,34.67986297607422],[126.16152954101608,34.68069458007818],[126.1620864868164,34.681804656982536]]],[[[126.01097106933628,34.68597412109375],[126.01457977294922,34.68319320678728],[126.01041412353538,34.684581756592024],[126.01097106933628,34.68597412109375]]],[[[126.00569152832031,34.684581756592024],[126.00680541992188,34.68652725219732],[126.0076370239259,34.68486022949219],[126.00569152832031,34.684581756592024]]],[[[125.1768035888673,34.68819427490246],[125.18152618408203,34.68624877929693],[125.17819213867188,34.68486022949219],[125.1768035888673,34.68819427490246]]],[[[126.07958221435581,34.690692901611555],[126.069862365723,34.67152786254894],[126.06597137451217,34.67124938964838],[126.06458282470726,34.684028625488224],[126.07958221435581,34.690692901611555]]],[[[126.16014099121116,34.690418243408146],[126.18180847168014,34.68597412109375],[126.18152618408203,34.679031372070426],[126.16402435302746,34.68319320678728],[126.16014099121116,34.690418243408146]]],[[[126.1737518310548,34.6920814514163],[126.1754150390625,34.690139770507756],[126.17263793945335,34.690692901611555],[126.1737518310548,34.6920814514163]]],[[[125.39097595214855,34.696804046630916],[125.39541625976597,34.690971374511946],[125.3798599243164,34.67986297607422],[125.3701400756836,34.66597366333019],[125.36374664306686,34.66875076293968],[125.36125183105491,34.675693511963004],[125.3798599243164,34.681526184082145],[125.39180755615234,34.69124984741211],[125.39097595214855,34.696804046630916]]],[[[125.46208190917969,34.69652938842768],[125.46375274658237,34.69569396972656],[125.46263885498047,34.69541549682617],[125.46208190917969,34.69652938842768]]],[[[126.16986083984409,34.69513702392578],[126.17430877685592,34.6940269470216],[126.1737518310548,34.692916870117244],[126.16986083984409,34.69513702392578]]],[[[126.14263916015625,34.698749542236385],[126.14736175537132,34.692638397216854],[126.14097595214866,34.68714141845703],[126.13735961914108,34.69541549682617],[126.14263916015625,34.698749542236385]]],[[[125.44097137451183,34.699306488037166],[125.44013977050781,34.69652938842768],[125.43208312988293,34.695972442627124],[125.42736053466797,34.690139770507756],[125.42903137207043,34.68486022949219],[125.44152832031261,34.683750152587834],[125.44374847412132,34.69458389282238],[125.45180511474655,34.6895828247072],[125.45375061035168,34.695972442627124],[125.46208190917969,34.693473815918026],[125.46458435058639,34.68680572509771],[125.45874786376987,34.68069458007818],[125.45513916015625,34.68569564819336],[125.44486236572277,34.681251525879134],[125.4423599243164,34.66319274902372],[125.42236328125034,34.65902709960949],[125.42819213867199,34.64513778686529],[125.41124725341831,34.64513778686529],[125.41735839843784,34.64152908325201],[125.40930938720714,34.63624954223627],[125.41124725341831,34.62374877929699],[125.3951416015625,34.62930679321295],[125.38513946533203,34.64374923706055],[125.398193359375,34.649028778076115],[125.38930511474655,34.65152740478521],[125.38680267333996,34.657917022705135],[125.39708709716808,34.663749694824276],[125.39763641357467,34.6751403808596],[125.4087524414067,34.68347167968767],[125.40819549560581,34.69430541992199],[125.44097137451183,34.699306488037166]]],[[[125.46319580078148,34.70458221435575],[125.46763610839889,34.70013809204113],[125.46819305419922,34.696804046630916],[125.46125030517578,34.7009735107423],[125.46319580078148,34.70458221435575]]],[[[126.19291687011719,34.70930480957037],[126.2015304565432,34.698749542236385],[126.19264221191418,34.69736099243187],[126.19763946533249,34.68680572509771],[126.1884689331057,34.68041610717779],[126.17819213867222,34.693195343017635],[126.19291687011719,34.70930480957037]]],[[[126.14180755615246,34.71014022827171],[126.14569091796875,34.70875167846697],[126.14402770996116,34.70708465576183],[126.14180755615246,34.71014022827171]]],[[[126.06430816650436,34.71180725097662],[126.06847381591808,34.711250305176065],[126.06735992431686,34.708473205566406],[126.06430816650436,34.71180725097662]]],[[[126.11042022705124,34.71291732788097],[126.11208343505882,34.70375061035179],[126.10208129882858,34.696804046630916],[126.09625244140648,34.69985961914057],[126.09569549560547,34.707916259765625],[126.11042022705124,34.71291732788097]]],[[[126.12152862548874,34.71263885498041],[126.13402557373047,34.710693359375114],[126.1370849609375,34.7059707641601],[126.12319183349655,34.704860687256144],[126.12152862548874,34.71263885498041]]],[[[125.94013977050827,34.713195800781364],[125.94208526611328,34.71236038208002],[125.94013977050827,34.711250305176065],[125.94013977050827,34.713195800781364]]],[[[125.99958038330078,34.714027404785156],[126.00430297851597,34.711250305176065],[126.00375366210938,34.70902633666998],[125.99958038330078,34.710693359375114],[125.99958038330078,34.714027404785156]]],[[[126.0768051147461,34.71458435058594],[126.08264160156284,34.70986175537132],[126.0804138183596,34.70569610595709],[126.07347106933639,34.711250305176065],[126.0768051147461,34.71458435058594]]],[[[125.90235900878918,34.71597290039068],[125.90652465820358,34.71263885498041],[125.90597534179699,34.707637786865234],[125.90069580078125,34.70902633666998],[125.90235900878918,34.71597290039068]]],[[[125.20874786376987,34.716526031494254],[125.21263885498058,34.69513702392578],[125.20291900634777,34.67986297607422],[125.19291687011753,34.68347167968767],[125.19319152832043,34.6751403808596],[125.19763946533203,34.67430496215826],[125.18846893310581,34.67430496215826],[125.18791961669922,34.66485977172846],[125.18235778808639,34.666805267333984],[125.178749084473,34.68291854858404],[125.18374633789074,34.687637329101676],[125.19235992431663,34.68624877929693],[125.20153045654297,34.71625137329124],[125.20319366455078,34.71208190917986],[125.20874786376987,34.716526031494254]]],[[[126.07902526855469,34.71819305419939],[126.08403015136753,34.7154159545899],[126.08347320556663,34.713470458984375],[126.07902526855469,34.71819305419939]]],[[[126.07180786132824,34.71847152709978],[126.07485961914074,34.71847152709978],[126.07458496093761,34.7173614501956],[126.07180786132824,34.71847152709978]]],[[[125.40736389160202,34.72013854980469],[125.4095840454105,34.71513748168951],[125.40569305419945,34.713748931884766],[125.4040298461914,34.71597290039068],[125.40736389160202,34.72013854980469]]],[[[125.18930816650413,34.72069549560547],[125.19013977050793,34.71597290039068],[125.18846893310581,34.71513748168951],[125.1870803833009,34.71791839599615],[125.18930816650413,34.72069549560547]]],[[[125.19596862793003,34.719581604004134],[125.19847106933594,34.72069549560547],[125.19819641113315,34.719028472900334],[125.19596862793003,34.719581604004134]]],[[[125.89458465576172,34.72180557250982],[125.89624786376964,34.7173614501956],[125.89125061035156,34.713470458984375],[125.88680267334018,34.716526031494254],[125.89458465576172,34.72180557250982]]],[[[126.00541687011719,34.72208404541021],[126.00958251953159,34.72180557250982],[126.0098648071289,34.72097396850586],[126.00541687011719,34.72208404541021]]],[[[126.07986450195312,34.722362518310604],[126.08708190918003,34.722362518310604],[126.08652496337913,34.716526031494254],[126.07986450195312,34.722362518310604]]],[[[125.19791412353516,34.72375106811552],[125.20180511474655,34.725418090820256],[125.20097351074219,34.722915649414176],[125.19791412353516,34.72375106811552]]],[[[126.03791809082031,34.7293052673341],[126.03930664062511,34.72735977172857],[126.0384750366211,34.72708511352539],[126.03791809082031,34.7293052673341]]],[[[126.01680755615257,34.727916717529354],[126.03125,34.72735977172857],[126.02680206298862,34.722637176513786],[126.01680755615257,34.727916717529354]]],[[[125.44985961914062,34.73041534423828],[125.44680786132812,34.72735977172857],[125.44430541992222,34.728473663330135],[125.44625091552734,34.73014068603544],[125.44985961914062,34.73041534423828]]],[[[125.99708557128906,34.72986221313488],[126.00180816650402,34.728195190429744],[126.00013732910156,34.725692749023665],[125.99708557128906,34.72986221313488]]],[[[125.99180603027355,34.72735977172857],[125.99597167968795,34.7293052673341],[125.99485778808605,34.725971221924055],[125.99180603027355,34.72735977172857]]],[[[126.1854171752932,34.7293052673341],[126.18985748291016,34.73041534423828],[126.1906967163086,34.725692749023665],[126.1854171752932,34.7293052673341]]],[[[126.0401382446289,34.73485946655268],[126.0418090820317,34.734584808349666],[126.0448608398442,34.73263931274414],[126.0401382446289,34.73485946655268]]],[[[125.8815307617192,34.73485946655268],[125.8854141235355,34.734027862548885],[125.8848648071289,34.73319625854492],[125.8815307617192,34.73485946655268]]],[[[126.03514099121128,34.73597335815441],[126.03819274902378,34.7368049621582],[126.03736114501999,34.73513793945324],[126.03514099121128,34.73597335815441]]],[[[125.94180297851608,34.7362518310548],[125.94847106933594,34.73513793945324],[125.94985961914085,34.73347091674833],[125.94180297851608,34.7362518310548]]],[[[125.96430206298828,34.73791503906256],[125.97208404541038,34.716804504394645],[125.98542022705112,34.714027404785156],[126.00096893310558,34.7015266418457],[126.01319122314499,34.70319366455084],[126.01374816894543,34.7015266418457],[126.00846862792969,34.687084197998104],[125.99708557128906,34.6895828247072],[125.99541473388683,34.68041610717779],[125.9787521362307,34.672359466552734],[125.97930908203159,34.66208267211937],[125.96347045898449,34.65625],[125.95319366455101,34.65902709960949],[125.95207977294922,34.66597366333019],[125.95735931396484,34.66875076293968],[125.95430755615234,34.672637939453125],[125.9487533569336,34.672916412353516],[125.94847106933594,34.667083740234375],[125.94069671630871,34.66791534423834],[125.94069671630871,34.663749694824276],[125.9318084716798,34.66819381713873],[125.93541717529297,34.67208480834972],[125.93235778808594,34.677917480468864],[125.92652893066406,34.6776390075683],[125.92485809326183,34.669029235839844],[125.92041778564453,34.67097091674799],[125.92180633544933,34.67930603027344],[125.9173583984375,34.67680740356451],[125.91513824462902,34.68069458007818],[125.92013549804722,34.68819427490246],[125.91402435302768,34.68541717529297],[125.91402435302768,34.70458221435575],[125.91625213623092,34.711250305176065],[125.93624877929688,34.716526031494254],[125.9356918334961,34.70986175537132],[125.94596862792969,34.704860687256144],[125.94985961914085,34.71014022827171],[125.94708251953159,34.722362518310604],[125.96013641357433,34.72180557250982],[125.96430206298828,34.73791503906256]]],[[[125.98542022705112,34.737640380859546],[125.98986053466797,34.73847198486351],[125.98596954345703,34.73652648925781],[125.98542022705112,34.737640380859546]]],[[[125.94847106933594,34.74097061157221],[125.95347595214855,34.73958206176786],[125.95319366455101,34.7387504577639],[125.94847106933594,34.74097061157221]]],[[[125.45597076416016,34.743194580078125],[125.47069549560592,34.73347091674833],[125.48014068603516,34.733749389648494],[125.47736358642624,34.72735977172857],[125.46208190917969,34.725692749023665],[125.46652984619152,34.722637176513786],[125.46319580078148,34.713470458984375],[125.44875335693405,34.725692749023665],[125.45402526855503,34.73208236694359],[125.45874786376987,34.73014068603544],[125.45597076416016,34.743194580078125]]],[[[125.44430541992222,34.74402618408209],[125.45153045654297,34.73847198486351],[125.44513702392624,34.737083435058594],[125.44958496093784,34.73263931274414],[125.43624877929688,34.734584808349666],[125.43653106689453,34.74152755737316],[125.44430541992222,34.74402618408209]]],[[[126.17346954345714,34.74458312988287],[126.17708587646484,34.74375152587908],[126.17346954345714,34.74402618408209],[126.17346954345714,34.74458312988287]]],[[[125.94041442871116,34.745418548583984],[125.94403076171909,34.74236297607433],[125.94180297851608,34.74152755737316],[125.94041442871116,34.745418548583984]]],[[[125.42903137207043,34.74430465698248],[125.4334716796875,34.745418548583984],[125.43430328369163,34.74375152587908],[125.42903137207043,34.74430465698248]]],[[[126.06541442871105,34.745971679687784],[126.06375122070347,34.745971679687784],[126.06541442871105,34.74736022949213],[126.06541442871105,34.745971679687784]]],[[[126.01513671875,34.749027252197266],[126.01625061035202,34.74458312988287],[126.02486419677734,34.74486160278343],[126.02263641357422,34.7406959533692],[126.02764129638717,34.73152923583979],[126.01403045654331,34.73291778564453],[126.01513671875,34.749027252197266]]],[[[126.0118026733403,34.751804351806754],[126.01319122314499,34.7506942749024],[126.01235961914062,34.75041580200201],[126.0118026733403,34.751804351806754]]],[[[125.95791625976562,34.748748779296875],[125.9626388549807,34.752082824707145],[125.96208190918014,34.74652862548834],[125.95791625976562,34.748748779296875]]],[[[126.16764068603561,34.751525878906364],[126.17263793945335,34.749305725097656],[126.1690292358403,34.74791717529308],[126.16764068603561,34.751525878906364]]],[[[125.93514251708996,34.7531929016115],[125.93846893310547,34.751525878906364],[125.93514251708996,34.751804351806754],[125.93514251708996,34.7531929016115]]],[[[126.05236053466831,34.75680541992193],[126.05263519287121,34.75347137451189],[126.0612487792971,34.7551383972168],[126.06014251708984,34.740139007568416],[126.05541992187534,34.7506942749024],[126.04846954345726,34.751804351806754],[126.05236053466831,34.75680541992193]]],[[[125.42680358886719,34.75736236572271],[125.43541717529308,34.75458145141624],[125.43846893310558,34.748474121093864],[125.43208312988293,34.74736022949213],[125.42680358886719,34.75736236572271]]],[[[125.4359741210942,34.75597381591797],[125.4390258789067,34.75680541992193],[125.43875122070312,34.75541687011719],[125.4359741210942,34.75597381591797]]],[[[125.95207977294922,34.75847244262707],[125.95347595214855,34.754306793213004],[125.95319366455101,34.75291824340826],[125.95014190673851,34.75541687011719],[125.95207977294922,34.75847244262707]]],[[[126.22235870361328,34.75902938842802],[126.22513580322266,34.758193969726676],[126.22513580322266,34.757637023925895],[126.22235870361328,34.75902938842802]]],[[[125.97208404541038,34.75958251953142],[125.97819519042969,34.7551383972168],[125.97264099121128,34.754859924316406],[125.97208404541038,34.75958251953142]]],[[[125.45930480957077,34.76291656494146],[125.46208190917969,34.76263809204107],[125.46180725097656,34.76152801513672],[125.45930480957077,34.76291656494146]]],[[[126.15013885498092,34.763748168945426],[126.1545867919923,34.763195037841854],[126.15513610839844,34.7620849609375],[126.15013885498092,34.763748168945426]]],[[[126.01847076416016,34.766803741455135],[126.02708435058605,34.763748168945426],[126.02847290039097,34.75402832031244],[126.01958465576172,34.754859924316406],[126.01847076416016,34.766803741455135]]],[[[125.44374847412132,34.76819610595703],[125.44291687011753,34.75958251953142],[125.43736267089889,34.7620849609375],[125.43402862548828,34.75736236572271],[125.43430328369163,34.766803741455135],[125.4390258789067,34.76291656494146],[125.44374847412132,34.76819610595703]]],[[[126.13263702392578,34.769306182861385],[126.13541412353527,34.76847076416044],[126.13208007812511,34.76763916015625],[126.13263702392578,34.769306182861385]]],[[[126.05735778808594,34.77069473266613],[126.0581970214846,34.76514053344755],[126.05236053466831,34.76402664184582],[126.04958343505871,34.75736236572271],[126.03930664062511,34.7551383972168],[126.05735778808594,34.77069473266613]]],[[[126.1715240478519,34.77152633666992],[126.17485809326172,34.77152633666992],[126.17430877685592,34.77013778686535],[126.1715240478519,34.77152633666992]]],[[[125.99874877929688,34.77375030517601],[125.99819183349643,34.7620849609375],[125.98569488525402,34.77097320556652],[125.98680877685547,34.77375030517601],[125.99874877929688,34.77375030517601]]],[[[126.08930206298874,34.77458190917997],[126.10680389404308,34.76625061035173],[126.12513732910168,34.77097320556652],[126.13263702392578,34.75708389282232],[126.14319610595703,34.75152969360374],[126.15319824218795,34.75652694702154],[126.1584701538086,34.75291824340826],[126.15569305419956,34.75652694702154],[126.1620864868164,34.75736236572271],[126.16124725341797,34.74986267089844],[126.1745834350586,34.742916107177734],[126.18291473388683,34.72375106811552],[126.1765289306644,34.716804504394645],[126.17514038085972,34.70041656494152],[126.15680694580101,34.70513916015631],[126.14653015136753,34.701805114746094],[126.14986419677734,34.710971832275675],[126.14680480957031,34.71819305419939],[126.13874816894531,34.72124862670904],[126.14208221435592,34.72763824462896],[126.12708282470737,34.72652816772461],[126.11819458007812,34.71486282348633],[126.10958099365268,34.71791839599615],[126.11096954345703,34.72152709960943],[126.09847259521518,34.72013854980469],[126.10236358642578,34.73652648925781],[126.09541320800815,34.734027862548885],[126.09430694580078,34.742916107177734],[126.08374786376964,34.74180603027355],[126.07263946533203,34.73236083984398],[126.0709686279298,34.7412490844726],[126.08180236816452,34.75097274780279],[126.07707977294945,34.763473510742244],[126.0665283203125,34.76486206054699],[126.06375122070347,34.76847076416044],[126.07902526855469,34.768749237060604],[126.07902526855469,34.763748168945426],[126.08403015136753,34.763748168945426],[126.08930206298874,34.77458190917997]]],[[[126.11736297607422,34.77402877807617],[126.12180328369163,34.77624893188471],[126.12374877929688,34.772914886474666],[126.11736297607422,34.77402877807617]]],[[[126.07653045654331,34.77708435058605],[126.08152770996094,34.775138854980526],[126.08486175537155,34.77097320556652],[126.0781936645509,34.772914886474666],[126.07653045654331,34.77708435058605]]],[[[126.16764068603561,34.77430725097656],[126.16958618164085,34.77486038208036],[126.16791534423828,34.77347183227562],[126.16764068603561,34.77430725097656]]],[[[126.07847595214844,34.77763748168945],[126.08125305175793,34.77736282348644],[126.08208465576172,34.77597045898432],[126.07847595214844,34.77763748168945]]],[[[126.18902587890636,34.77736282348644],[126.19264221191418,34.77708435058605],[126.18902587890636,34.775138854980526],[126.18902587890636,34.77736282348644]]],[[[126.05097198486362,34.77986145019554],[126.05236053466831,34.780971527099894],[126.05291748046875,34.78152847290045],[126.05403137207065,34.780971527099894],[126.05097198486362,34.77986145019554]]],[[[126.03902435302757,34.78263854980463],[126.03874969482467,34.772914886474666],[126.02735900878906,34.778751373291186],[126.03402709960938,34.778751373291186],[126.03347015380871,34.78263854980463],[126.03902435302757,34.78263854980463]]],[[[126.02652740478527,34.784584045410156],[126.02902984619186,34.78263854980463],[126.02597045898483,34.78347396850597],[126.02652740478527,34.784584045410156]]],[[[125.92041778564453,34.7859725952149],[125.92263793945312,34.784305572509766],[125.92069244384811,34.781250000000284],[125.92041778564453,34.7859725952149]]],[[[126.17346954345714,34.78819274902361],[126.17485809326172,34.783748626708984],[126.1715240478519,34.77763748168945],[126.16791534423828,34.78652954101585],[126.17346954345714,34.78819274902361]]],[[[126.03319549560558,34.78819274902361],[126.03541564941406,34.787361145019815],[126.03347015380871,34.7859725952149],[126.03319549560558,34.78819274902361]]],[[[125.79041290283249,34.789585113525504],[125.7890243530278,34.7859725952149],[125.78541564941418,34.786804199218864],[125.78680419921909,34.78902816772455],[125.79041290283249,34.789585113525504]]],[[[125.90513610839866,34.7904167175293],[125.90625000000011,34.78486251831055],[125.90235900878918,34.78486251831055],[125.90097045898438,34.788471221924],[125.90513610839866,34.7904167175293]]],[[[126.19847106933628,34.788471221924],[126.20124816894554,34.78874969482416],[126.20097351074219,34.787361145019815],[126.19847106933628,34.788471221924]]],[[[125.91069793701172,34.795696258545036],[125.91680908203125,34.79180526733404],[125.90985870361328,34.787082672119254],[125.90541839599632,34.79208374023443],[125.91069793701172,34.795696258545036]]],[[[126.13819122314487,34.79930496215832],[126.14514160156261,34.79375076293974],[126.14541625976562,34.79708480834961],[126.16097259521496,34.799026489257926],[126.17013549804699,34.795696258545036],[126.16680908203159,34.78902816772455],[126.15930938720737,34.78874969482416],[126.15708160400425,34.78208160400408],[126.16319274902366,34.77958297729498],[126.15958404541016,34.77430725097656],[126.16402435302746,34.76514053344755],[126.14958190918003,34.77013778686535],[126.13874816894531,34.76124954223633],[126.1362533569336,34.77013778686535],[126.12735748291016,34.78069305419933],[126.1048583984375,34.777915954589844],[126.09680175781284,34.78486251831055],[126.08180236816452,34.78819274902361],[126.08458709716808,34.792640686035384],[126.09402465820324,34.786804199218864],[126.09930419921898,34.79180526733404],[126.11736297607422,34.79097366333008],[126.12208557128918,34.79680633544922],[126.12875366210949,34.79375076293974],[126.13819122314487,34.79930496215832]]],[[[125.95458221435592,34.79958343505871],[125.95791625976562,34.79708480834961],[125.95458221435592,34.79791641235357],[125.95458221435592,34.79958343505871]]],[[[126.20236206054699,34.798473358154354],[126.20486450195324,34.798751831054744],[126.2045822143557,34.79735946655279],[126.20236206054699,34.798473358154354]]],[[[125.99402618408203,34.80708312988281],[126.00125122070347,34.79430389404297],[125.99903106689499,34.78152847290045],[125.99041748046875,34.77652740478527],[125.98680877685547,34.78013992309593],[125.98208618164074,34.77597045898432],[125.98319244384811,34.76847076416044],[125.9765243530278,34.77013778686535],[125.9745864868164,34.76430511474621],[125.97041320800827,34.767082214355696],[125.96013641357433,34.763473510742244],[125.95541381835972,34.76791763305664],[125.92986297607456,34.76263809204107],[125.92930603027344,34.74986267089844],[125.9426422119144,34.73319625854492],[125.93291473388706,34.73485946655268],[125.92903137207077,34.72874832153332],[125.94125366210949,34.72874832153332],[125.94013977050827,34.72124862670904],[125.91180419921898,34.716804504394645],[125.90069580078125,34.72180557250982],[125.90347290039108,34.72763824462896],[125.89430236816406,34.72652816772461],[125.89375305175793,34.73319625854492],[125.88735961914062,34.731803894043026],[125.88708496093761,34.74208450317394],[125.89458465576172,34.7506942749024],[125.89041900634777,34.75013732910162],[125.89041900634777,34.75930404663086],[125.89514160156284,34.760417938232365],[125.88903045654342,34.766529083251896],[125.89319610595714,34.77319335937506],[125.89458465576172,34.76847076416044],[125.90319824218761,34.77180480957031],[125.89708709716797,34.77402877807617],[125.89875030517624,34.78236007690424],[125.91402435302768,34.78152847290045],[125.90791320800827,34.778472900390625],[125.91263580322277,34.77569580078131],[125.9165267944336,34.77680587768566],[125.91541290283237,34.78152847290045],[125.91791534423851,34.77624893188471],[125.94097137451206,34.77708435058605],[125.9537506103519,34.78347396850597],[125.95153045654342,34.78902816772455],[125.96458435058594,34.786804199218864],[125.96347045898449,34.79152679443365],[125.97069549560547,34.79402923584013],[125.97486114501999,34.80347061157255],[125.98347473144531,34.80097198486345],[125.98291778564453,34.804862976074276],[125.99069213867233,34.80319595336914],[125.99402618408203,34.80708312988281]]],[[[126.08430480957043,34.80680465698242],[126.08736419677746,34.80374908447271],[126.08374786376964,34.801807403564396],[126.08430480957043,34.80680465698242]]],[[[126.21152496337902,34.807640075683764],[126.21485900878918,34.807361602783374],[126.21347045898483,34.804862976074276],[126.21152496337902,34.807640075683764]]],[[[126.069862365723,34.80958175659208],[126.07958221435581,34.79791641235357],[126.0768051147461,34.79430389404297],[126.0679168701173,34.80014038085966],[126.06541442871105,34.80791854858393],[126.069862365723,34.80958175659208]]],[[[126.16319274902366,34.80902862548828],[126.16680908203159,34.80958175659208],[126.16374969482456,34.80625152587902],[126.16319274902366,34.80902862548828]]],[[[126.03402709960938,34.80986022949247],[126.0370864868164,34.80930709838867],[126.03624725341808,34.80791854858393],[126.03402709960938,34.80986022949247]]],[[[126.14819335937511,34.81208419799816],[126.15374755859386,34.80958175659208],[126.1490249633789,34.798751831054744],[126.14180755615246,34.80569458007824],[126.14819335937511,34.81208419799816]]],[[[126.07986450195312,34.813194274902344],[126.08152770996094,34.81402587890631],[126.08125305175793,34.81124877929682],[126.07986450195312,34.813194274902344]]],[[[126.02874755859375,34.813751220703296],[126.03097534179688,34.813751220703296],[126.03041839599621,34.81263732910156],[126.02874755859375,34.813751220703296]]],[[[126.02041625976574,34.816249847412394],[126.02208709716797,34.81569290161144],[126.02041625976574,34.8143043518067],[126.02041625976574,34.816249847412394]]],[[[125.9679183959961,34.819862365722656],[125.97291564941418,34.81236267089855],[125.96958160400425,34.81152725219738],[125.9679183959961,34.819862365722656]]],[[[126.16097259521496,34.82125091552757],[126.16347503662121,34.8179168701173],[126.16041564941418,34.819026947021484],[126.16097259521496,34.82125091552757]]],[[[126.15958404541016,34.82347106933611],[126.16014099121116,34.8154182434082],[126.15486145019577,34.81291580200195],[126.15513610839844,34.82041549682623],[126.15958404541016,34.82347106933611]]],[[[125.95347595214855,34.819862365722656],[125.96152496337925,34.82291793823248],[125.95430755615234,34.813472747802734],[125.95347595214855,34.819862365722656]]],[[[126.17124938964844,34.82347106933611],[126.1745834350586,34.822639465332315],[126.1737518310548,34.82069396972662],[126.17124938964844,34.82347106933611]]],[[[126.04792022705112,34.827915191650504],[126.05152893066452,34.82152938842796],[126.06430816650436,34.81819534301769],[126.06680297851597,34.81097412109381],[126.05986022949219,34.80847167968773],[126.04708099365234,34.81513977050804],[126.04235839843761,34.825416564941406],[126.04792022705112,34.827915191650504]]],[[[126.13541412353527,34.83208465576172],[126.14013671875,34.82958221435564],[126.1415252685548,34.82736206054693],[126.13597106933639,34.82736206054693],[126.13541412353527,34.83208465576172]]],[[[126.05791473388695,34.830417633056584],[126.05930328369186,34.83208465576172],[126.06319427490234,34.82902908325224],[126.05791473388695,34.830417633056584]]],[[[125.95153045654342,34.83347320556646],[125.9537506103519,34.83458328247082],[125.9537506103519,34.833751678466854],[125.95153045654342,34.83347320556646]]],[[[126.17180633544922,34.83902740478521],[126.1737518310548,34.837360382080305],[126.1720809936528,34.836807250976506],[126.17180633544922,34.83902740478521]]],[[[126.05486297607445,34.845695495605526],[126.05735778808594,34.84236145019548],[126.05458068847702,34.84236145019548],[126.05486297607445,34.845695495605526]]],[[[126.0504150390625,34.85013961792015],[126.05319213867233,34.848472595214844],[126.05014038085983,34.848751068115405],[126.0504150390625,34.85013961792015]]],[[[126.22069549560558,34.85235977172846],[126.22097015380893,34.84763717651367],[126.21458435058605,34.85041809082031],[126.21624755859375,34.85208511352545],[126.22069549560558,34.85235977172846]]],[[[126.15402984619175,34.85708236694347],[126.1576385498048,34.85652923584007],[126.15680694580101,34.85514068603533],[126.15402984619175,34.85708236694347]]],[[[126.06735992431686,34.85902786254877],[126.06847381591808,34.85958480834972],[126.0690307617192,34.85874938964838],[126.06735992431686,34.85902786254877]]],[[[126.01958465576172,34.86152648925787],[126.01791381835983,34.859859466552734],[126.01763916015636,34.86125183105469],[126.01958465576172,34.86152648925787]]],[[[125.96819305419956,34.863471984863395],[125.97208404541038,34.86236190795904],[125.9679183959961,34.86236190795904],[125.96819305419956,34.863471984863395]]],[[[126.10013580322277,34.86652755737305],[126.10346984863293,34.86402893066435],[126.09986114501987,34.865695953369254],[126.10013580322277,34.86652755737305]]],[[[126.09764099121139,34.869583129882926],[126.09986114501987,34.869026184082145],[126.09764099121139,34.86875152587896],[126.09764099121139,34.869583129882926]]],[[[126.08791351318405,34.878192901611385],[126.08985900878929,34.87569427490246],[126.08680725097679,34.87625122070324],[126.08791351318405,34.878192901611385]]],[[[126.09652709960949,34.880416870117244],[126.09458160400436,34.87653350830078],[126.09069824218784,34.8795814514163],[126.09652709960949,34.880416870117244]]],[[[126.11458587646484,34.88291549682617],[126.13791656494152,34.875137329101676],[126.14291381835972,34.88180541992199],[126.14680480957031,34.86847305297857],[126.15347290039085,34.87041854858427],[126.1576385498048,34.86236190795904],[126.13180541992199,34.85958480834972],[126.13208007812511,34.85263824462885],[126.14847564697266,34.84736251831066],[126.1490249633789,34.839305877685604],[126.13346862792969,34.83208465576172],[126.12152862548874,34.836528778076115],[126.11319732666027,34.82652664184576],[126.12291717529297,34.81208419799816],[126.11958312988293,34.802082061767805],[126.09430694580078,34.79680633544922],[126.09597015380905,34.80597305297863],[126.09041595458996,34.81486129760765],[126.07430267334018,34.82374954223627],[126.07569122314453,34.828472137451286],[126.0581970214846,34.84930419921881],[126.07485961914074,34.85097122192411],[126.08652496337913,34.860694885253906],[126.09458160400436,34.854026794433594],[126.11430358886753,34.8495826721192],[126.11958312988293,34.857639312744425],[126.11013793945312,34.86402893066435],[126.10847473144531,34.86875152587896],[126.11430358886753,34.87263870239258],[126.10847473144531,34.8795814514163],[126.11458587646484,34.88291549682617]]],[[[126.16458129882858,34.88319396972656],[126.16958618164085,34.880416870117244],[126.16819763183594,34.874862670898494],[126.16458129882858,34.88319396972656]]],[[[126.12152862548874,34.8890266418457],[126.12014007568405,34.88486099243187],[126.11569213867222,34.88513946533226],[126.11597442626964,34.886528015136776],[126.12152862548874,34.8890266418457]]],[[[126.1062469482423,34.8884735107423],[126.11152648925781,34.88541793823242],[126.1051406860355,34.88486099243187],[126.1062469482423,34.8884735107423]]],[[[126.1662521362307,34.890140533447436],[126.1693038940432,34.8890266418457],[126.16680908203159,34.88874816894531],[126.1662521362307,34.890140533447436]]],[[[126.21819305419933,34.89319610595709],[126.22264099121128,34.892360687256144],[126.21791839599643,34.89208221435558],[126.21819305419933,34.89319610595709]]],[[[126.09180450439453,34.898750305176065],[126.09041595458996,34.89736175537115],[126.08902740478516,34.898193359375114],[126.09180450439453,34.898750305176065]]],[[[126.14319610595703,34.89708328247076],[126.14541625976562,34.89764022827171],[126.14514160156261,34.89652633666998],[126.14319610595703,34.89708328247076]]],[[[126.16791534423828,34.89791488647472],[126.17180633544922,34.89764022827171],[126.17292022705101,34.895694732666016],[126.16791534423828,34.89791488647472]]],[[[126.19819641113304,34.900695800781364],[126.20097351074219,34.89791488647472],[126.19708251953159,34.898750305176065],[126.19819641113304,34.900695800781364]]],[[[126.10041809082043,34.901527404785156],[126.10208129882858,34.901527404785156],[126.10208129882858,34.9004173278808],[126.10041809082043,34.901527404785156]]],[[[126.00597381591797,34.90208435058594],[126.00846862792969,34.901527404785156],[126.00819396972668,34.900695800781364],[126.00597381591797,34.90208435058594]]],[[[126.17874908447311,34.90319442749029],[126.18958282470714,34.89430618286144],[126.17624664306652,34.880695343017635],[126.17292022705101,34.88791656494152],[126.18041992187545,34.89069366455084],[126.1754150390625,34.90013885498041],[126.17874908447311,34.90319442749029]]],[[[126.19819641113304,34.91180419921875],[126.20014190673828,34.910415649414176],[126.19763946533249,34.91069412231457],[126.19819641113304,34.91180419921875]]],[[[126.0031967163086,34.90902709960943],[126.00846862792969,34.91097259521496],[126.00846862792969,34.910415649414176],[126.0031967163086,34.90902709960943]]],[[[126.20874786376953,34.919582366943416],[126.21125030517612,34.919029235840014],[126.20958709716797,34.91736221313488],[126.20874786376953,34.919582366943416]]],[[[126.19847106933628,34.9202995300293],[126.19708251953159,34.91513824462896],[126.19458007812545,34.91513824462896],[126.18819427490234,34.919029235840014],[126.19847106933628,34.9202995300293]]],[[[126.16596984863327,34.919029235840014],[126.1693038940432,34.919582366943416],[126.17236328125,34.91819381713867],[126.16596984863327,34.919029235840014]]],[[[126.0512466430664,34.92319488525402],[126.05291748046875,34.92097091674833],[126.05069732666016,34.922084808349666],[126.0512466430664,34.92319488525402]]],[[[126.01597595214844,34.92291641235363],[126.02069091796886,34.92235946655268],[126.02069091796886,34.919303894043026],[126.01597595214844,34.92291641235363]]],[[[126.15125274658214,34.92791748046881],[126.15402984619175,34.92680740356445],[126.15041351318382,34.92652893066429],[126.15125274658214,34.92791748046881]]],[[[126.19264221191418,34.930973052978516],[126.1962509155278,34.925140380859546],[126.1995849609375,34.92291641235363],[126.19403076171909,34.921527862548885],[126.19264221191418,34.930973052978516]]],[[[126.01763916015636,34.93180465698248],[126.02236175537143,34.931251525878906],[126.02236175537143,34.928470611572436],[126.01902770996094,34.92736053466825],[126.01763916015636,34.93180465698248]]],[[[126.21097564697288,34.93486022949236],[126.21375274658203,34.933750152588175],[126.21152496337902,34.93319320678722],[126.21097564697288,34.93486022949236]]],[[[126.2015304565432,34.936805725097656],[126.20764160156273,34.928470611572436],[126.20652770996094,34.92652893066429],[126.19541931152378,34.933750152588175],[126.2015304565432,34.936805725097656]]],[[[126.05708312988315,34.93875122070318],[126.06319427490234,34.93319320678722],[126.06930541992188,34.936527252197266],[126.07930755615234,34.931251525878906],[126.07485961914074,34.9243049621582],[126.0781936645509,34.91986083984398],[126.09097290039074,34.92263793945307],[126.08374786376964,34.91180419921875],[126.09874725341797,34.909862518310604],[126.08264160156284,34.89764022827171],[126.08763885498058,34.89069366455084],[126.09847259521518,34.889583587646484],[126.09791564941406,34.88458251953131],[126.08597564697266,34.87874984741234],[126.08152770996094,34.87985992431669],[126.08541870117188,34.88791656494152],[126.08069610595714,34.88569259643566],[126.077919006348,34.871807098388615],[126.08403015136753,34.86402893066435],[126.06319427490234,34.86486053466814],[126.06680297851597,34.857360839844034],[126.05263519287121,34.854026794433594],[126.04930877685581,34.860694885253906],[126.04125213623081,34.85874938964838],[126.04708099365234,34.84652709960949],[126.04319763183605,34.843193054199276],[126.03208160400436,34.85930633544933],[126.02513885498047,34.860416412353516],[126.02236175537143,34.85625076293968],[126.02375030517612,34.872081756592024],[126.00846862792969,34.85902786254877],[125.99819183349643,34.86597061157249],[125.99319458007812,34.86541748046869],[125.99791717529308,34.863750457763956],[125.99430847168014,34.86152648925787],[125.97708129882812,34.86402893066435],[125.98263549804699,34.86736297607422],[125.97930908203159,34.87374877929693],[125.96763610839844,34.87097167968767],[125.96819305419956,34.87736129760759],[125.99041748046875,34.87541580200207],[125.99597167968795,34.88180541992199],[125.99291992187545,34.8884735107423],[126.00375366210938,34.889583587646484],[126.01374816894543,34.91208267211914],[126.02124786376953,34.90763854980469],[126.03291320800815,34.90902709960943],[126.03736114501999,34.914306640625],[126.03402709960938,34.919303894043026],[126.0398635864259,34.919582366943416],[126.04430389404331,34.909862518310604],[126.05513763427746,34.91152954101591],[126.0612487792971,34.91986083984398],[126.05708312988315,34.93875122070318]]],[[[126.1962509155278,34.939582824707145],[126.19403076171909,34.939861297607536],[126.19678497314453,34.94069290161133],[126.1962509155278,34.939582824707145]]],[[[125.95430755615234,34.94652938842802],[125.9568023681644,34.94374847412115],[125.95347595214855,34.945415496826286],[125.95430755615234,34.94652938842802]]],[[[126.1937484741211,34.95041656494146],[126.20597076416061,34.94708251953125],[126.20958709716797,34.94041824340849],[126.19708251953159,34.939025878906364],[126.1973648071289,34.94291687011719],[126.18875122070335,34.94319534301758],[126.1937484741211,34.95041656494146]]],[[[126.11513519287132,34.948749542236555],[126.11708068847656,34.948749542236555],[126.11708068847656,34.947917938232365],[126.11513519287132,34.948749542236555]]],[[[126.15930175781295,34.9615287780764],[126.16097259521496,34.95236206054699],[126.16596984863327,34.94402694702154],[126.16014099121116,34.94319534301758],[126.15652465820335,34.954303741455135],[126.15930175781295,34.9615287780764]]],[[[126.2015304565432,34.96236038208036],[126.20486450195324,34.9615287780764],[126.20207977294933,34.960140228271655],[126.2015304565432,34.96236038208036]]],[[[126.12208557128918,34.963470458984546],[126.12486267089866,34.96180725097656],[126.12319183349655,34.96125030517601],[126.12208557128918,34.963470458984546]]],[[[126.19541931152378,34.963470458984546],[126.19902801513683,34.9640274047851],[126.1993026733403,34.96263885498075],[126.19541931152378,34.963470458984546]]],[[[126.20708465576172,34.975139617920206],[126.21013641357422,34.97069549560558],[126.21514129638683,34.97263717651373],[126.21263885498047,34.95375061035173],[126.21152496337902,34.95930480957031],[126.2045822143557,34.95735931396479],[126.2068023681644,34.96430587768566],[126.19847106933628,34.968750000000284],[126.20708465576172,34.975139617920206]]],[[[126.20347595214844,34.97652816772455],[126.20541381835949,34.97652816772455],[126.20513916015659,34.974861145019645],[126.20347595214844,34.97652816772455]]],[[[126.18514251708984,34.97819519042969],[126.18680572509766,34.97847366333008],[126.18708038330078,34.97652816772455],[126.18514251708984,34.97819519042969]]],[[[126.21263885498047,34.98485946655302],[126.21652984619175,34.97902679443365],[126.20874786376953,34.97902679443365],[126.21263885498047,34.98485946655302]]],[[[126.20513916015659,34.98402786254883],[126.20986175537143,34.98236083984392],[126.20486450195324,34.98125076293957],[126.20513916015659,34.98402786254883]]],[[[126.17485809326172,34.98708343505871],[126.17819213867222,34.98513793945318],[126.17624664306652,34.98458480834961],[126.17485809326172,34.98708343505871]]],[[[126.13346862792969,34.99347305297863],[126.14319610595703,34.985973358154354],[126.14624786376953,34.989860534668196],[126.1620864868164,34.989860534668196],[126.17013549804699,34.982917785644474],[126.17819213867222,34.983470916748274],[126.18013763427734,34.9734725952149],[126.17597198486351,34.974582672119254],[126.1693038940432,34.96736145019537],[126.16152954101608,34.971805572509766],[126.15652465820335,34.971805572509766],[126.15569305419956,34.9665260314942],[126.14680480957031,34.97097396850597],[126.14319610595703,34.95819473266613],[126.1459732055664,34.95319366455078],[126.12430572509766,34.94708251953125],[126.13652801513672,34.96680450439459],[126.13346862792969,34.99347305297863]]],[[[126.11319732666027,34.99458312988281],[126.11513519287132,34.99430465698242],[126.11291503906261,34.99263763427729],[126.11319732666027,34.99458312988281]]],[[[126.1937484741211,34.99680709838867],[126.19319152832077,34.99375152587902],[126.1906967163086,34.99347305297863],[126.1937484741211,34.99680709838867]]],[[[126.1737518310548,34.995418548584155],[126.18013763427734,34.99402618408203],[126.17624664306652,34.98875045776384],[126.1737518310548,34.995418548584155]]],[[[126.08652496337913,34.99652862548851],[126.08875274658203,34.99652862548851],[126.08875274658203,34.995693206787166],[126.08652496337913,34.99652862548851]]],[[[126.09708404541027,34.998195648193416],[126.09847259521518,34.99708175659191],[126.09652709960949,34.99708175659191],[126.09708404541027,34.998195648193416]]],[[[126.23236083984409,35.00319290161144],[126.23319244384788,34.99708175659191],[126.22569274902378,34.99708175659191],[126.22652435302757,35.000694274902344],[126.23236083984409,35.00319290161144]]],[[[126.24652862548862,35.006248474121094],[126.26457977294967,35.00347137451183],[126.2656936645509,34.99375152587902],[126.2706909179692,34.991527557373104],[126.27041625976562,34.975971221924],[126.24430847168014,34.975139617920206],[126.25041961669967,34.98180389404297],[126.25319671630871,34.99874877929682],[126.24652862548862,35.006248474121094]]],[[[126.21125030517612,35.00902938842796],[126.21485900878918,35.01069259643555],[126.21485900878918,35.009860992431754],[126.21125030517612,35.00902938842796]]],[[[126.19847106933628,35.01402664184576],[126.2037506103519,35.007083892822266],[126.20291900634811,35.00541687011713],[126.1951370239259,35.00597381591808],[126.19847106933628,35.01402664184576]]],[[[126.09986114501987,35.010417938232706],[126.1040267944336,35.01374816894537],[126.10263824462913,35.009582519531364],[126.09986114501987,35.010417938232706]]],[[[126.19541931152378,35.015693664550895],[126.19569396972668,35.009860992431754],[126.1906967163086,35.006805419921875],[126.18985748291016,35.01430511474615],[126.19541931152378,35.015693664550895]]],[[[126.25458526611328,35.01708221435547],[126.25653076171886,35.012916564941406],[126.24708557128906,35.012916564941406],[126.24819183349643,35.015415191650504],[126.25458526611328,35.01708221435547]]],[[[126.10124969482422,35.018470764160384],[126.10541534423828,35.01680374145508],[126.10152435302768,35.01708221435547],[126.10124969482422,35.018470764160384]]],[[[126.11264038085972,35.02208328247082],[126.11235809326183,35.01736068725603],[126.10902404785179,35.015972137451286],[126.10708618164062,35.01930618286133],[126.11264038085972,35.02208328247082]]],[[[126.1009750366211,35.02291488647461],[126.1031951904298,35.021804809570426],[126.10124969482422,35.02208328247082],[126.1009750366211,35.02291488647461]]],[[[126.13319396972656,35.027084350585994],[126.1384735107423,35.02624893188505],[126.13764190673851,35.0226402282716],[126.14291381835972,35.02624893188505],[126.14624786376953,35.01930618286133],[126.1554183959961,35.02236175537121],[126.1584701538086,35.016250610351676],[126.16319274902366,35.018470764160384],[126.16708374023449,35.01402664184576],[126.15875244140625,35.00763702392584],[126.16347503662121,35.00347137451183],[126.16764068603561,35.0087509155274],[126.16569519042969,35.00347137451183],[126.16041564941418,34.99847412109381],[126.13957977294922,34.99763870239286],[126.14319610595703,34.99263763427729],[126.13291931152389,35.00208282470709],[126.11736297607422,34.99625015258812],[126.09764099121139,35.000972747802734],[126.10041809082043,35.00791549682623],[126.10847473144531,35.00541687011713],[126.11541748046898,35.018749237060774],[126.11958312988293,35.01458358764654],[126.12735748291016,35.01958465576172],[126.12708282470737,35.026805877685604],[126.13263702392578,35.023193359375],[126.13319396972656,35.027084350585994]]],[[[126.11096954345703,35.02819442749035],[126.11208343505882,35.024860382080305],[126.10569763183639,35.024581909179744],[126.10569763183639,35.02624893188505],[126.11096954345703,35.02819442749035]]],[[[125.96819305419956,35.02819442749035],[125.97291564941418,35.030418395996264],[125.9734725952153,35.02902603149414],[125.96819305419956,35.02819442749035]]],[[[126.22985839843773,35.03180694580078],[126.23735809326172,35.030693054199276],[126.24263763427757,35.01985931396513],[126.22624969482467,35.01958465576172],[126.22985839843773,35.03180694580078]]],[[[126.21763610839855,35.03791809082054],[126.22097015380893,35.03374862670893],[126.21930694580078,35.033195495605526],[126.21763610839855,35.03791809082054]]],[[[125.97180175781295,35.03958511352545],[125.97430419921909,35.03930664062506],[125.97430419921909,35.0387496948245],[125.97180175781295,35.03958511352545]]],[[[126.11208343505882,35.053195953369084],[126.11458587646484,35.05430603027344],[126.11458587646484,35.05236053466814],[126.11208343505882,35.053195953369084]]],[[[126.1973648071289,35.05902862548845],[126.2073593139653,35.05263900756853],[126.21125030517612,35.04041671752924],[126.20319366455078,35.0406951904298],[126.1937484741211,35.0551376342774],[126.1973648071289,35.05902862548845]]],[[[125.9318084716798,35.059860229492415],[125.93402862548851,35.05736160278332],[125.93374633789085,35.05430603027344],[125.92874908447266,35.05569458007818],[125.9318084716798,35.059860229492415]]],[[[126.14680480957031,35.06152725219732],[126.15652465820335,35.05347061157249],[126.16402435302746,35.056526184082145],[126.18041992187545,35.05263900756853],[126.18264007568393,35.04875183105469],[126.17847442626953,35.045417785644815],[126.18708038330078,35.039028167724894],[126.19319152832077,35.045139312744425],[126.20097351074219,35.04041671752924],[126.1951370239259,35.02847290039074],[126.20124816894554,35.027084350585994],[126.1962509155278,35.024860382080305],[126.1973648071289,35.01763916015642],[126.18819427490234,35.018749237060774],[126.18347167968795,35.027084350585994],[126.17708587646484,35.025138854980696],[126.1720809936528,35.030693054199276],[126.16958618164085,35.024581909179744],[126.16569519042969,35.0370826721192],[126.16347503662121,35.03236007690458],[126.14958190918003,35.030693054199276],[126.14069366455101,35.041805267333984],[126.12569427490246,35.0370826721192],[126.12875366210949,35.05180740356474],[126.14680480957031,35.06152725219732]]],[[[126.12041473388672,35.06375122070324],[126.12403106689487,35.06486129760742],[126.12291717529297,35.062362670898494],[126.12041473388672,35.06375122070324]]],[[[126.14819335937511,35.06319427490246],[126.1554183959961,35.062362670898494],[126.15486145019577,35.06069564819336],[126.14819335937511,35.06319427490246]]],[[[125.944580078125,35.065692901611385],[125.9495849609375,35.062637329101506],[125.94791412353561,35.05625152587896],[125.9393081665039,35.05819320678711],[125.944580078125,35.065692901611385]]],[[[125.92263793945312,35.06763839721708],[125.92652893066406,35.06680679321289],[125.92652893066406,35.06069564819336],[125.92097473144531,35.06180572509771],[125.92263793945312,35.06763839721708]]],[[[126.13541412353527,35.068195343017635],[126.13319396972656,35.06624984741234],[126.13263702392578,35.06763839721708],[126.13541412353527,35.068195343017635]]],[[[126.12152862548874,35.06902694702143],[126.12319183349655,35.06708145141613],[126.12180328369163,35.06652832031273],[126.12152862548874,35.06902694702143]]],[[[126.12875366210949,35.071804046630916],[126.13291931152389,35.07347106933605],[126.13458251953148,35.07069396972656],[126.12875366210949,35.071804046630916]]],[[[126.15652465820335,35.07458496093756],[126.15680694580101,35.07097244262695],[126.15486145019577,35.06930541992199],[126.1545867919923,35.07208251953131],[126.15652465820335,35.07458496093756]]],[[[125.91402435302768,35.0765266418457],[125.91986083984375,35.071529388427905],[125.92013549804722,35.06986236572277],[125.914306640625,35.0723609924317],[125.91402435302768,35.0765266418457]]],[[[126.14514160156261,35.077640533447266],[126.15013885498092,35.074859619140796],[126.14958190918003,35.07291793823265],[126.14514160156261,35.077640533447266]]],[[[126.24708557128906,35.07875061035162],[126.25375366210938,35.077362060546875],[126.25736236572266,35.07041549682617],[126.24736022949264,35.07541656494135],[126.24708557128906,35.07875061035162]]],[[[126.15486145019577,35.080139160156534],[126.15708160400425,35.077640533447266],[126.15402984619175,35.077083587646484],[126.15486145019577,35.080139160156534]]],[[[126.15430450439464,35.08486175537115],[126.1554183959961,35.082637786865234],[126.15347290039085,35.083194732666016],[126.15430450439464,35.08486175537115]]],[[[125.91819763183616,35.085971832275504],[125.92458343505882,35.07819366455084],[125.92097473144531,35.074028015137],[125.91458129882858,35.08069610595709],[125.91819763183616,35.085971832275504]]],[[[126.03152465820347,35.09291839599638],[126.03514099121128,35.09097290039068],[126.03125,35.091804504394645],[126.03152465820347,35.09291839599638]]],[[[126.13402557373047,35.094860076904524],[126.14653015136753,35.091804504394645],[126.14708709716842,35.0837516784668],[126.12958526611328,35.083194732666016],[126.13402557373047,35.094860076904524]]],[[[126.04458618164062,35.09680557250982],[126.0481948852539,35.09680557250982],[126.04875183105491,35.09569549560547],[126.04458618164062,35.09680557250982]]],[[[125.9809722900394,35.09819412231457],[125.98542022705112,35.095138549804915],[125.98319244384811,35.091526031494254],[125.97791290283249,35.09319305419922],[125.9809722900394,35.09819412231457]]],[[[126.0370864868164,35.100971221923885],[126.0398635864259,35.09875106811535],[126.03763580322266,35.097637176513615],[126.0370864868164,35.100971221923885]]],[[[126.11430358886753,35.10402679443354],[126.11958312988293,35.10263824462919],[126.11736297607422,35.09541702270508],[126.12347412109375,35.09263992309582],[126.12319183349655,35.08124923706072],[126.10597229003929,35.08708190917969],[126.11541748046898,35.092361450195426],[126.11763000488281,35.10208511352539],[126.11430358886753,35.10402679443354]]],[[[126.01652526855491,35.1043052673341],[126.03208160400436,35.0904159545899],[126.02708435058605,35.0759735107423],[126.01791381835983,35.07847213745123],[126.01763916015636,35.08708190917969],[126.01125335693371,35.08708190917969],[126.0098648071289,35.09652709960943],[126.01791381835983,35.09958267211914],[126.01652526855491,35.1043052673341]]],[[[125.98625183105514,35.10763931274437],[125.98902893066418,35.10041809082048],[125.9776382446289,35.10208511352539],[125.9776382446289,35.10541534423828],[125.98625183105514,35.10763931274437]]],[[[126.19319152832077,35.112361907958984],[126.20486450195324,35.10736083984381],[126.2037506103519,35.10152816772484],[126.21069335937523,35.100692749023494],[126.21680450439453,35.106529235840014],[126.22652435302757,35.103195190429744],[126.22875213623047,35.09541702270508],[126.24208068847702,35.103195190429744],[126.24903106689476,35.097637176513615],[126.24375152587902,35.07374954223661],[126.25569152832065,35.06930541992199],[126.2629165649414,35.04402923584007],[126.27513885498081,35.03763961792015],[126.26457977294967,35.02069473266607],[126.24986267089855,35.02208328247082],[126.24458312988281,35.03152847290062],[126.2387466430664,35.03152847290062],[126.24069213867233,35.035972595214844],[126.23097229003918,35.03763961792015],[126.23542022705112,35.05208206176758],[126.22513580322266,35.05736160278332],[126.20625305175781,35.05597305297857],[126.1973648071289,35.06513977050798],[126.19291687011719,35.059860229492415],[126.1768035888673,35.06652832031273],[126.17292022705101,35.06319427490246],[126.17263793945335,35.06624984741234],[126.17986297607433,35.068473815918026],[126.1684722900394,35.06735992431669],[126.16819763183594,35.07347106933605],[126.16097259521496,35.06652832031273],[126.16402435302746,35.080417633056925],[126.1690292358403,35.07958221435558],[126.16791534423828,35.07541656494135],[126.1715240478519,35.07902908325218],[126.1576385498048,35.08680725097685],[126.15791320800827,35.09847259521496],[126.19319152832077,35.112361907958984]]],[[[126.05847167968784,35.11430740356468],[126.06625366210938,35.10902786254911],[126.06735992431686,35.10625076293945],[126.05708312988315,35.109584808349666],[126.05847167968784,35.11430740356468]]],[[[126.0481948852539,35.115970611572436],[126.05236053466831,35.109859466552905],[126.05014038085983,35.10541534423828],[126.0418090820317,35.112083435058594],[126.0481948852539,35.115970611572436]]],[[[126.19013977050827,35.118473052978516],[126.19430541992188,35.117637634277344],[126.19403076171909,35.11680603027338],[126.19013977050827,35.118473052978516]]],[[[126.21986389160156,35.126804351806754],[126.21875000000045,35.12513732910162],[126.21986389160156,35.12902832031267],[126.21986389160156,35.126804351806754]]],[[[126.19985961914062,35.127639770507926],[126.21097564697288,35.127082824707145],[126.20652770996094,35.1220817565918],[126.21041870117233,35.11402893066429],[126.20708465576172,35.11069488525402],[126.20014190673828,35.115970611572436],[126.20597076416061,35.121807098388956],[126.19985961914062,35.127639770507926]]],[[[126.08291625976562,35.129306793212834],[126.0804138183596,35.129306793212834],[126.08291625976562,35.13041687011719],[126.08291625976562,35.129306793212834]]],[[[126.14819335937511,35.130138397217024],[126.15069580078136,35.12819290161133],[126.1490249633789,35.127639770507926],[126.14819335937511,35.130138397217024]]],[[[126.1684722900394,35.13152694702154],[126.17041778564464,35.127639770507926],[126.16596984863327,35.12902832031267],[126.1684722900394,35.13152694702154]]],[[[126.10013580322277,35.130138397217024],[126.101806640625,35.13152694702154],[126.10263824462913,35.12902832031267],[126.10013580322277,35.130138397217024]]],[[[126.21875000000045,35.13375091552746],[126.22097015380893,35.133193969726676],[126.21902465820312,35.13152694702154],[126.21875000000045,35.13375091552746]]],[[[126.07653045654331,35.13791656494146],[126.07958221435581,35.13735961914091],[126.07569122314453,35.136528015136946],[126.07653045654331,35.13791656494146]]],[[[125.87875366210938,35.14041519165039],[125.88930511474632,35.1395835876466],[125.89180755615234,35.13486099243164],[125.8854141235355,35.135971069335994],[125.8879165649414,35.13124847412138],[125.8848648071289,35.13152694702154],[125.87875366210938,35.14041519165039]]],[[[125.90458679199219,35.142082214355526],[125.9134750366211,35.135692596435604],[125.90763854980469,35.135692596435604],[125.90958404541027,35.13041687011719],[125.90208435058616,35.132637023925724],[125.90458679199219,35.142082214355526]]],[[[125.9070816040039,35.141803741455135],[125.90985870361328,35.141529083252124],[125.90985870361328,35.14041519165039],[125.9070816040039,35.141803741455135]]],[[[126.1062469482423,35.14347076416027],[126.10847473144531,35.14319610595703],[126.10652923584018,35.142360687255916],[126.1062469482423,35.14347076416027]]],[[[126.15041351318382,35.147361755371094],[126.16319274902366,35.14541625976557],[126.14763641357433,35.14291763305687],[126.14485931396496,35.13735961914091],[126.12430572509766,35.135971069335994],[126.11875152587913,35.112083435058594],[126.11402893066406,35.1112518310548],[126.11930847168003,35.10402679443354],[126.11264038085972,35.107082366943416],[126.10541534423828,35.10152816772484],[126.101806640625,35.085693359375114],[126.12264251708996,35.07791519165045],[126.11569213867222,35.07069396972656],[126.108192443848,35.07347106933605],[126.11624908447277,35.05875015258806],[126.10041809082043,35.059581756591854],[126.10791778564453,35.04986190795904],[126.1009750366211,35.05180740356474],[126.10152435302768,35.04735946655296],[126.09569549560547,35.047916412353516],[126.09486389160156,35.05291748046869],[126.07653045654331,35.05569458007818],[126.07653045654331,35.06958389282238],[126.05986022949219,35.06735992431669],[126.06430816650436,35.05541610717779],[126.05735778808594,35.056526184082145],[126.05791473388695,35.06430435180664],[126.04875183105491,35.06097412109375],[126.0429153442384,35.06680679321289],[126.03736114501999,35.065692901611385],[126.03902435302757,35.07041549682617],[126.05541992187534,35.067916870117244],[126.0590286254884,35.074306488037166],[126.04902648925793,35.08069610595709],[126.0420837402346,35.07847213745123],[126.0418090820317,35.085693359375114],[126.0504150390625,35.09680557250982],[126.05652618408203,35.09543228149437],[126.04930877685581,35.103195190429744],[126.0781936645509,35.10486221313488],[126.11402893066406,35.13430404663086],[126.11736297607422,35.14014053344738],[126.11402893066406,35.14347076416027],[126.13680267334018,35.144584655761776],[126.14375305175781,35.14014053344738],[126.15041351318382,35.147361755371094]]],[[[126.20069122314499,35.14847183227545],[126.2043075561528,35.144584655761776],[126.2015304565432,35.13680648803711],[126.19347381591797,35.14125061035156],[126.18958282470714,35.1370849609375],[126.19264221191418,35.13208389282232],[126.18152618408203,35.12958145141607],[126.18291473388683,35.14263916015648],[126.20069122314499,35.14847183227545]]],[[[126.20597076416061,35.186248779297046],[126.21458435058605,35.18402862548851],[126.20513916015659,35.182918548584155],[126.20597076416061,35.186248779297046]]],[[[126.22291564941406,35.19513702392584],[126.22319793701217,35.19041824340843],[126.21958160400425,35.18986129760748],[126.21902465820312,35.19263839721697],[126.22291564941406,35.19513702392584]]],[[[126.12902832031261,35.203472137451286],[126.12735748291016,35.19569396972662],[126.13291931152389,35.192081451416016],[126.12124633789062,35.188472747802734],[126.12152862548874,35.19958496093744],[126.12902832031261,35.203472137451286]]],[[[126.24485778808594,35.202915191650504],[126.25041961669967,35.20180511474615],[126.24346923828136,35.20097351074219],[126.24485778808594,35.202915191650504]]],[[[125.90569305419956,35.208751678466854],[125.91263580322277,35.21041488647461],[125.91180419921898,35.20486068725586],[125.90569305419956,35.208751678466854]]],[[[126.15625000000045,35.21180725097673],[126.15680694580101,35.20763778686552],[126.14402770996116,35.19985961914085],[126.13180541992199,35.20152664184576],[126.14041900634811,35.208751678466854],[126.14624786376953,35.20541763305681],[126.15625000000045,35.21180725097673]]],[[[125.89902496337913,35.212081909179744],[125.90513610839866,35.212360382080135],[125.90513610839866,35.20986175537121],[125.89902496337913,35.212081909179744]]],[[[126.10152435302768,35.255973815918026],[126.10152435302768,35.24569320678711],[126.09097290039074,35.24291610717779],[126.09069824218784,35.24902725219755],[126.10152435302768,35.255973815918026]]],[[[126.08264160156284,35.25847244262695],[126.08985900878929,35.25763702392578],[126.08235931396484,35.256248474121264],[126.08264160156284,35.25847244262695]]],[[[126.11402893066406,35.259029388427734],[126.12014007568405,35.25819396972656],[126.11235809326183,35.25513839721708],[126.11402893066406,35.259029388427734]]],[[[126.20903015136764,35.28430557250982],[126.21291351318393,35.28374862670927],[126.21236419677734,35.28125],[126.20903015136764,35.28430557250982]]],[[[126.2304153442384,35.29291534423828],[126.23236083984409,35.291248321533374],[126.23097229003918,35.29013824462919],[126.2304153442384,35.29291534423828]]],[[[126.19819641113304,35.294582366943416],[126.2045822143557,35.29375076293945],[126.2043075561528,35.290973663330135],[126.19819641113304,35.294582366943416]]],[[[126.1415252685548,35.30069351196295],[126.15264129638706,35.290695190429744],[126.15486145019577,35.27708435058594],[126.14847564697266,35.270416259765625],[126.13986206054722,35.2712516784668],[126.14291381835972,35.27680587768555],[126.13041687011719,35.28458404541021],[126.1415252685548,35.30069351196295]]],[[[126.26097106933628,35.31236267089844],[126.26374816894531,35.31263732910185],[126.26347351074219,35.3112487792971],[126.26097106933628,35.31236267089844]]],[[[126.2656936645509,35.31986236572271],[126.26819610595726,35.31874847412138],[126.265419006348,35.31819534301758],[126.2656936645509,35.31986236572271]]],[[[126.27236175537121,35.32208251953125],[126.27180480957043,35.31847381591797],[126.26985931396484,35.31847381591797],[126.26902770996105,35.320693969726676],[126.27236175537121,35.32208251953125]]],[[[126.2740249633789,35.32263946533203],[126.27819824218784,35.32208251953125],[126.27347564697266,35.320693969726676],[126.2740249633789,35.32263946533203]]],[[[125.98513793945324,35.33569335937506],[125.99791717529308,35.337917327881144],[126.00041961669967,35.33180618286161],[126.00791931152378,35.33319473266596],[126.01097106933628,35.32819366455078],[126.00263977050781,35.32902908325195],[125.99597167968795,35.31902694702177],[125.98986053466797,35.317916870117415],[125.99847412109386,35.32902908325195],[125.99736022949264,35.3345832824707],[125.98513793945324,35.33569335937506]]],[[[126.02124786376953,35.364307403564624],[126.02513885498047,35.359306335449446],[126.03069305419967,35.36013793945341],[126.02874755859375,35.355415344238224],[126.0418090820317,35.34569549560541],[126.03097534179688,35.33430480957031],[126.01347351074241,35.33124923706066],[126.01958465576172,35.33902740478533],[126.01235961914062,35.33902740478533],[126.00791931152378,35.3448600769043],[126.02375030517612,35.3465270996096],[126.00791931152378,35.35514068603521],[125.99986267089878,35.35180664062517],[125.99458312988304,35.35708236694336],[126.02069091796886,35.35736083984375],[126.02124786376953,35.364307403564624]]],[[[126.0590286254884,35.3698616027832],[126.06153106689476,35.36597061157238],[126.06069183349655,35.364307403564624],[126.05458068847702,35.367362976074276],[126.0590286254884,35.3698616027832]]],[[[126.13319396972656,35.373195648193644],[126.13180541992199,35.370140075683594],[126.12958526611328,35.370418548583984],[126.12958526611328,35.37125015258795],[126.13319396972656,35.373195648193644]]],[[[126.04402923583984,35.37513732910179],[126.0581970214846,35.37263870239269],[126.04652404785202,35.367084503173885],[126.04096984863281,35.370140075683594],[126.04402923583984,35.37513732910179]]],[[[126.12958526611328,35.37763977050787],[126.13263702392578,35.37763977050787],[126.13236236572277,35.37541580200195],[126.12958526611328,35.37763977050787]]]]}},{"type":"Feature","properties":{"ID_0":211,"ISO":"KOR","NAME_0":"South Korea","ID_1":14,"NAME_1":"Jeollanam-do","ID_2":195,"NAME_2":"Suncheon","NL_NAME_2":"???| ???","VARNAME_2":null,"TYPE_2":"Si","ENGTYPE_2":"City"},"geometry":{"type":"Polygon","coordinates":[[[127.5518798828125,35.07867431640625],[127.5418701171875,35.0380859375],[127.548095703125,35.02667236328131],[127.56390380859375,35.014801025390625],[127.56500244140636,35.00579833984369],[127.55618286132835,34.97364807128912],[127.55441284179688,34.94149780273449],[127.56996154785168,34.92490005493164],[127.59236145019531,34.91764068603527],[127.61430358886719,34.89208221435558],[127.60291290283226,34.901527404785156],[127.59874725341808,34.89791488647472],[127.60346984863281,34.895973205566406],[127.60375213623058,34.886528015136776],[127.59791564941406,34.890140533447266],[127.59847259521484,34.8962516784668],[127.59124755859375,34.89319610595709],[127.59735870361328,34.88624954223644],[127.59041595458984,34.89236068725597],[127.58458709716797,34.890140533447266],[127.58013916015625,34.894859313964844],[127.57544708251976,34.8914680480957],[127.5684280395509,34.89557266235357],[127.54269409179699,34.88049316406244],[127.506103515625,34.882598876953125],[127.49945831298828,34.87430572509771],[127.49041748046886,34.87319564819336],[127.49236297607433,34.84652709960949],[127.48513793945312,34.839584350585994],[127.46708679199219,34.84458160400402],[127.44930267333984,34.83541488647461],[127.44235992431652,34.836528778076115],[127.44180297851574,34.848751068115234],[127.43736267089866,34.848472595214844],[127.4334716796875,34.83458328247082],[127.39708709716797,34.824859619140625],[127.37089538574219,34.85292053222662],[127.35042572021496,34.86305618286133],[127.3304672241211,34.893180847168026],[127.32012939453136,34.900424957275334],[127.28936767578136,34.8987083435058],[127.27072906494152,34.88316726684576],[127.26065063476562,34.883285522460994],[127.24505615234375,34.90121459960943],[127.24153137207043,34.93475341796881],[127.22109985351574,34.94790649414068],[127.21665954589844,34.97168350219732],[127.20948791503918,34.98181915283203],[127.1956787109375,34.97991943359375],[127.18618774414074,34.993804931640625],[127.20111083984386,35.04559326171881],[127.19070434570312,35.07962036132807],[127.20367431640625,35.10070800781256],[127.21868896484375,35.11151123046875],[127.32159423828136,35.052398681640625],[127.33990478515636,35.052307128906364],[127.35296630859375,35.06439208984375],[127.35795593261719,35.08079528808594],[127.39230346679688,35.084808349609375],[127.40270996093761,35.10369873046875],[127.427001953125,35.11788940429693],[127.43930053710949,35.13638305664068],[127.43392181396507,35.15600585937506],[127.461181640625,35.157409667968864],[127.51840209960938,35.118194580078125],[127.5277099609375,35.095397949218864],[127.5518798828125,35.07867431640625]]]}},{"type":"Feature","properties":{"ID_0":211,"ISO":"KOR","NAME_0":"South Korea","ID_1":14,"NAME_1":"Jeollanam-do","ID_2":196,"NAME_2":"Wando","NL_NAME_2":"???| ???","VARNAME_2":null,"TYPE_2":"Gun","ENGTYPE_2":"County"},"geometry":{"type":"MultiPolygon","coordinates":[[[[126.35652923584018,33.728748321533374],[126.35930633544922,33.73041534423828],[126.35930633544922,33.728195190429744],[126.35652923584018,33.728748321533374]]],[[[126.34236145019543,33.90513992309582],[126.34541320800793,33.90097045898443],[126.34347534179688,33.90069580078142],[126.34236145019543,33.90513992309582]]],[[[126.32152557373047,33.91291809082031],[126.32707977294922,33.91458511352562],[126.3259735107423,33.90847396850586],[126.32152557373047,33.91291809082031]]],[[[126.63652801513706,33.91819381713867],[126.63680267333984,33.92152786254894],[126.64291381835938,33.92097091674816],[126.63652801513706,33.91819381713867]]],[[[126.31041717529308,33.94069290161133],[126.31346893310558,33.939582824707145],[126.30930328369163,33.939304351806584],[126.31041717529308,33.94069290161133]]],[[[126.37791442871094,33.966251373291016],[126.37985992431675,33.96430587768572],[126.37708282470714,33.963748931884766],[126.37791442871094,33.966251373291016]]],[[[126.28375244140625,33.97124862670904],[126.30041503906261,33.96263885498058],[126.29541778564453,33.96097183227545],[126.30236053466831,33.9595832824707],[126.30347442626964,33.95375061035156],[126.32624816894543,33.95180511474604],[126.3301391601567,33.95819473266596],[126.34180450439464,33.95624923706066],[126.34263610839844,33.94625091552746],[126.33041381835938,33.94402694702177],[126.32514190673828,33.93624877929693],[126.32986450195312,33.93513870239258],[126.32958221435558,33.92986297607416],[126.31930541992199,33.92902755737322],[126.30986022949253,33.94736099243164],[126.28208160400436,33.96125030517584],[126.28819274902355,33.96236038208019],[126.28291320800815,33.96486282348627],[126.28375244140625,33.97124862670904]]],[[[126.3059692382817,33.974861145019645],[126.30874633789062,33.97291564941435],[126.30569458007812,33.97319412231451],[126.3059692382817,33.974861145019645]]],[[[126.2926406860355,33.983749389648494],[126.29624938964889,33.98208236694336],[126.29319763183639,33.98152923583996],[126.2926406860355,33.983749389648494]]],[[[126.34680175781284,33.98513793945324],[126.35319519042969,33.98319625854509],[126.35346984863327,33.980972290039176],[126.34625244140625,33.98125076293957],[126.34680175781284,33.98513793945324]]],[[[126.31680297851574,33.98875045776367],[126.32402801513672,33.9879150390625],[126.3245849609375,33.98458480834984],[126.31680297851574,33.98875045776367]]],[[[126.91958618164097,33.989582061767635],[126.93235778808628,33.985973358154354],[126.93763732910202,33.972637176513956],[126.91430664062523,33.969581604003906],[126.9093017578125,33.984027862548885],[126.91958618164097,33.989582061767635]]],[[[126.24791717529297,33.989860534668026],[126.25235748291027,33.98569488525419],[126.24541473388672,33.9873619079591],[126.24791717529297,33.989860534668026]]],[[[126.37958526611351,33.99097061157238],[126.37791442871094,33.99152755737316],[126.37985992431675,33.99180603027372],[126.37958526611351,33.99097061157238]]],[[[126.3943023681644,33.99430465698242],[126.39263916015659,33.9948616027832],[126.3943023681644,33.995140075683594],[126.3943023681644,33.99430465698242]]],[[[126.35791778564487,34.0068054199221],[126.3612518310548,34.00597381591791],[126.35847473144531,34.0051383972168],[126.35791778564487,34.0068054199221]]],[[[126.32930755615268,34.010417938232536],[126.34708404541016,34.010139465332145],[126.35346984863327,34.00597381591791],[126.34735870361374,34.00291824340826],[126.32930755615268,34.010417938232536]]],[[[127.31625366210949,34.01402664184599],[127.32541656494152,34.013748168945426],[127.32375335693393,34.004028320312614],[127.31625366210949,34.01402664184599]]],[[[127.32375335693393,34.02236175537121],[127.3243026733403,34.0206947326663],[127.32347106933594,34.02097320556646],[127.32375335693393,34.02236175537121]]],[[[127.31625366210949,34.0301399230957],[127.3243026733403,34.02652740478527],[127.32375335693393,34.02375030517578],[127.30819702148438,34.02708435058622],[127.31625366210949,34.0301399230957]]],[[[127.6054153442384,34.04069519042986],[127.60902404785202,34.03291702270519],[127.6129150390625,34.02875137329113],[127.60569763183605,34.030693054199276],[127.6054153442384,34.04069519042986]]],[[[127.35541534423862,34.042640686035156],[127.36291503906273,34.042640686035156],[127.35986328125023,34.03763961791998],[127.35541534423862,34.042640686035156]]],[[[127.58791351318393,34.05263900756836],[127.58985900878906,34.05014038085943],[127.58708190918014,34.050971984863395],[127.58791351318393,34.05263900756836]]],[[[127.3870849609375,34.06263732910173],[127.39319610595703,34.06152725219738],[127.39847564697277,34.054306030273665],[127.38986206054733,34.056804656982365],[127.3848648071289,34.05263900756836],[127.3870849609375,34.06263732910173]]],[[[127.30735778808594,34.062915802002124],[127.30874633789085,34.0584716796875],[127.3176422119144,34.059860229492244],[127.3173599243164,34.05597305297857],[127.32319641113281,34.060417175293026],[127.32791900634788,34.05347061157232],[127.32458496093773,34.04680633544939],[127.33513641357433,34.03819274902355],[127.33430480957054,34.034305572509936],[127.31291961669933,34.040138244628906],[127.31153106689499,34.04986190795904],[127.30347442626964,34.056804656982365],[127.30735778808594,34.062915802002124]]],[[[127.2937469482423,34.06347274780268],[127.2993087768557,34.057083129882756],[127.29264068603561,34.0490264892581],[127.29680633544933,34.03236007690441],[127.30569458007835,34.02902603149437],[127.30458068847656,34.019584655761946],[127.31291961669933,34.01736068725586],[127.31402587890659,34.01097106933594],[127.29430389404342,34.01430511474638],[127.28708648681652,34.0351371765139],[127.28013610839866,34.03736114501959],[127.27764129638706,34.04458236694347],[127.28152465820358,34.051528930664176],[127.27513885498047,34.05319595336931],[127.27986145019577,34.060138702392635],[127.28291320800827,34.05513763427746],[127.2859725952153,34.0584716796875],[127.29402923583984,34.05541610717802],[127.2937469482423,34.06347274780268]]],[[[127.58597564697277,34.0654182434082],[127.58319091796886,34.060417175293026],[127.58652496337902,34.05513763427746],[127.58403015136764,34.05263900756836],[127.58097076416016,34.059860229492244],[127.58597564697277,34.0654182434082]]],[[[126.57514190673828,34.11375045776373],[126.57707977294956,34.11375045776373],[126.57680511474632,34.112640380859375],[126.57514190673828,34.11375045776373]]],[[[126.59263610839866,34.11458206176769],[126.6031951904298,34.104026794433764],[126.60458374023438,34.09708404541044],[126.58291625976608,34.09875106811535],[126.5898590087894,34.10486221313471],[126.58513641357422,34.11347198486334],[126.59263610839866,34.11458206176769]]],[[[127.50930786132835,34.11430740356451],[127.5143051147461,34.115695953369254],[127.51513671875,34.11347198486334],[127.50930786132835,34.11430740356451]]],[[[126.5176391601567,34.119304656982706],[126.51985931396518,34.117084503174],[126.51819610595703,34.11652755737305],[126.5176391601567,34.119304656982706]]],[[[126.57291412353516,34.127639770507926],[126.57458496093761,34.127082824706974],[126.57319641113327,34.12652587890642],[126.57291412353516,34.127639770507926]]],[[[126.56958007812534,34.136249542236385],[126.57263946533237,34.12958145141607],[126.56625366210938,34.127639770507926],[126.56625366210938,34.13291549682634],[126.56958007812534,34.136249542236385]]],[[[126.49180603027355,34.14263916015631],[126.49319458007812,34.14125061035156],[126.49208068847702,34.14097213745117],[126.49180603027355,34.14263916015631]]],[[[126.49652862548862,34.14347076416027],[126.49930572509766,34.142082214355526],[126.49624633789062,34.14069366455078],[126.49652862548862,34.14347076416027]]],[[[126.585693359375,34.14430618286144],[126.58847045898472,34.144584655762],[126.58930206298851,34.14319610595709],[126.585693359375,34.14430618286144]]],[[[126.4881973266605,34.144859313964844],[126.49153137207043,34.145416259765796],[126.4906921386721,34.14347076416027],[126.4881973266605,34.144859313964844]]],[[[126.89902496337902,34.14819335937506],[126.9004135131836,34.14625167846674],[126.89958190917969,34.14597320556635],[126.89902496337902,34.14819335937506]]],[[[126.48958587646484,34.14680480957054],[126.4901351928711,34.147914886474894],[126.49180603027355,34.1470832824707],[126.48958587646484,34.14680480957054]]],[[[126.58513641357422,34.15458297729498],[126.58736419677746,34.15291595459007],[126.585693359375,34.15263748168951],[126.58513641357422,34.15458297729498]]],[[[126.7487487792971,34.156528472900504],[126.74986267089844,34.147914886474894],[126.7451400756836,34.14625167846674],[126.74402618408203,34.15013885498058],[126.7487487792971,34.156528472900504]]],[[[126.47541809082065,34.171249389648494],[126.48180389404308,34.16875076293957],[126.47791290283226,34.162918090820426],[126.47541809082065,34.171249389648494]]],[[[126.45291900634788,34.17347335815458],[126.45625305175793,34.16875076293957],[126.45597076416038,34.16680526733427],[126.45097351074219,34.17069625854492],[126.45291900634788,34.17347335815458]]],[[[126.61125183105469,34.17347335815458],[126.6129150390625,34.171806335449276],[126.6106948852539,34.17208480834984],[126.61125183105469,34.17347335815458]]],[[[126.56153106689464,34.17597198486328],[126.56735992431663,34.17319488525419],[126.56708526611374,34.171527862548885],[126.55819702148472,34.171249389648494],[126.56153106689464,34.17597198486328]]],[[[126.59180450439453,34.17569351196289],[126.59513854980503,34.17291641235363],[126.59124755859375,34.17458343505854],[126.59180450439453,34.17569351196289]]],[[[127.35346984863293,34.180416107177905],[127.35874938964844,34.17597198486328],[127.35541534423862,34.16986083984375],[127.35069274902378,34.17319488525419],[127.35346984863293,34.180416107177905]]],[[[126.54041290283203,34.1823616027832],[126.55513763427768,34.17458343505854],[126.55541992187511,34.168193817138615],[126.57013702392624,34.17069625854492],[126.5754165649414,34.1609725952149],[126.57707977294956,34.16875076293957],[126.58513641357422,34.16986083984375],[126.6062469482423,34.16624832153332],[126.61013793945358,34.16152954101568],[126.6209716796875,34.16513824462896],[126.6193084716798,34.15819549560564],[126.62430572509811,34.156528472900504],[126.61541748046909,34.14819335937506],[126.60375213623047,34.16041564941435],[126.6031951904298,34.145694732666186],[126.59097290039062,34.16347122192383],[126.58736419677746,34.156806945800895],[126.57847595214889,34.15763854980469],[126.58097076416027,34.15263748168951],[126.57402801513706,34.14902877807623],[126.57653045654297,34.144584655762],[126.56625366210938,34.14430618286144],[126.56291961669922,34.135692596435604],[126.54652404785156,34.12625122070318],[126.51235961914097,34.121528625488395],[126.51291656494186,34.130138397216854],[126.50347137451195,34.13874816894531],[126.50902557373047,34.14402770996105],[126.50347137451195,34.14652633667015],[126.50930786132847,34.15291595459007],[126.50430297851574,34.16041564941435],[126.54041290283203,34.1823616027832]]],[[[126.62180328369152,34.185974121094034],[126.62458038330101,34.18430709838873],[126.6209716796875,34.18513870239269],[126.62180328369152,34.185974121094034]]],[[[126.58374786376987,34.185974121094034],[126.58625030517601,34.18402862548834],[126.58374786376987,34.18375015258795],[126.58374786376987,34.185974121094034]]],[[[127.07375335693393,34.18819427490257],[127.07624816894554,34.18541717529308],[127.07125091552734,34.18513870239269],[127.07375335693393,34.18819427490257]]],[[[126.44680786132847,34.189025878906534],[126.44847106933628,34.18763732910162],[126.44736480712902,34.18708419799822],[126.44680786132847,34.189025878906534]]],[[[126.92485809326217,34.191528320312614],[126.93013763427757,34.18986129760748],[126.9312515258789,34.188472747802734],[126.92069244384777,34.18708419799822],[126.92485809326217,34.191528320312614]]],[[[126.84986114501953,34.191806793213004],[126.84847259521484,34.18819427490257],[126.84402465820335,34.19069290161127],[126.84430694580101,34.191806793213004],[126.84986114501953,34.191806793213004]]],[[[126.48319244384766,34.1926383972168],[126.48680877685581,34.18680572509783],[126.47902679443371,34.17652893066406],[126.47125244140625,34.19097137451183],[126.48319244384766,34.1926383972168]]],[[[127.07152557373092,34.19319534301775],[127.08069610595714,34.191806793213004],[127.06847381591842,34.19097137451183],[127.07152557373092,34.19319534301775]]],[[[126.6176376342778,34.19597244262701],[126.62152862548851,34.19374847412115],[126.6170806884769,34.194862365722656],[126.6176376342778,34.19597244262701]]],[[[127.07430267333984,34.19569396972685],[127.07707977294933,34.19652938842779],[127.07736206054699,34.19597244262701],[127.07430267333984,34.19569396972685]]],[[[126.62625122070312,34.19819259643555],[126.62985992431675,34.1968040466308],[126.62958526611328,34.19597244262701],[126.62625122070312,34.19819259643555]]],[[[126.4870834350586,34.19847106933594],[126.49485778808605,34.1968040466308],[126.48680877685581,34.19708251953119],[126.4870834350586,34.19847106933594]]],[[[126.64569091796909,34.197917938232536],[126.66764068603516,34.195137023925895],[126.68486022949241,34.18125152587885],[126.67903137207043,34.17486190795893],[126.65569305419922,34.170970916748104],[126.65819549560547,34.16347122192383],[126.66874694824264,34.16180419921869],[126.66930389404308,34.14930725097662],[126.68319702148483,34.14902877807623],[126.680419921875,34.13958358764643],[126.66874694824264,34.1429176330567],[126.67263793945347,34.130695343017805],[126.66625213623058,34.12569427490263],[126.67013549804688,34.11986160278326],[126.66069793701183,34.11069488525408],[126.6501388549807,34.11486053466808],[126.64958190917969,34.130416870117244],[126.63708496093795,34.1220817565918],[126.63652801513706,34.13208389282255],[126.62958526611328,34.136528015136776],[126.63346862793014,34.142082214355526],[126.62763977050804,34.14625167846674],[126.65208435058594,34.16930389404297],[126.6459732055664,34.18125152587885],[126.64125061035168,34.177082061767635],[126.63569641113327,34.17902755737316],[126.64125061035168,34.18430709838873],[126.63291931152344,34.18736267089838],[126.64236450195312,34.186527252197266],[126.64736175537121,34.192359924316406],[126.64569091796909,34.197917938232536]]],[[[126.50624847412155,34.20486068725586],[126.51902770996139,34.197917938232536],[126.51097106933605,34.19319534301775],[126.51013946533226,34.186248779296875],[126.49986267089844,34.18708419799822],[126.49180603027355,34.17652893066406],[126.48596954345749,34.1781959533692],[126.50624847412155,34.20486068725586]]],[[[127.14347076416027,34.203193664550724],[127.14930725097656,34.203193664550724],[127.14653015136741,34.19985961914068],[127.14347076416027,34.203193664550724]]],[[[126.54319763183639,34.20569610595703],[126.54708099365268,34.19985961914068],[126.53930664062534,34.197639465332145],[126.53874969482445,34.203193664550724],[126.54319763183639,34.20569610595703]]],[[[126.84458160400402,34.20291519165056],[126.84819793701183,34.20486068725586],[126.85819244384766,34.20402908325207],[126.85874938964844,34.20264053344732],[126.84458160400402,34.20291519165056]]],[[[126.6362533569336,34.20902633667009],[126.6393051147461,34.20486068725586],[126.63263702392578,34.203472137451115],[126.63069152832054,34.20735931396496],[126.6362533569336,34.20902633667009]]],[[[127.1759719848634,34.20986175537104],[127.17569732666027,34.20402908325207],[127.16764068603516,34.201248168945426],[127.14986419677757,34.20597076416021],[127.1759719848634,34.20986175537104]]],[[[127.1979141235355,34.210693359375],[127.20014190673874,34.20791625976574],[127.19902801513672,34.2081947326663],[127.1979141235355,34.210693359375]]],[[[126.62541961669933,34.21097183227539],[126.62680816650425,34.20902633667009],[126.62374877929722,34.20791625976574],[126.62541961669933,34.21097183227539]]],[[[126.76430511474655,34.21152877807617],[126.7745819091798,34.19597244262701],[126.76347351074219,34.18736267089838],[126.76041412353516,34.17597198486328],[126.749305725098,34.18736267089838],[126.75041961669922,34.201248168945426],[126.75514221191429,34.209583282470646],[126.76430511474655,34.21152877807617]]],[[[127.26097106933616,34.21180725097656],[127.26319122314453,34.212360382080135],[127.26347351074253,34.21152877807617],[127.26097106933616,34.21180725097656]]],[[[127.23542022705124,34.21347045898449],[127.23819732666016,34.212917327880916],[127.23596954345714,34.21125030517578],[127.23542022705124,34.21347045898449]]],[[[127.00791931152344,34.21430587768566],[127.01152801513672,34.21402740478527],[127.01125335693405,34.212638854980526],[127.00791931152344,34.21430587768566]]],[[[127.13153076171886,34.21652603149437],[127.13458251953136,34.21652603149437],[127.13486480712902,34.21597290039057],[127.13153076171886,34.21652603149437]]],[[[126.51569366455078,34.2176399230957],[126.515419006348,34.20847320556669],[126.50875091552734,34.20847320556669],[126.51264190673828,34.21152877807617],[126.51569366455078,34.2176399230957]]],[[[126.89152526855514,34.2176399230957],[126.89485931396507,34.212638854980526],[126.91152954101574,34.212917327880916],[126.91236114501953,34.206249237060604],[126.9040298461914,34.20236206054693],[126.91236114501953,34.19458389282249],[126.9070816040039,34.18402862548834],[126.91986083984375,34.18708419799822],[126.92569732666016,34.17458343505854],[126.91847229003906,34.15819549560564],[126.90763854980491,34.15013885498058],[126.89930725097668,34.15541839599615],[126.88180541992233,34.14902877807623],[126.87041473388683,34.165416717529354],[126.86486053466797,34.165416717529354],[126.85569763183594,34.15041732788097],[126.85485839843795,34.16069412231474],[126.84847259521484,34.16347122192383],[126.85930633544956,34.171527862548885],[126.85069274902355,34.16875076293957],[126.84708404541061,34.17486190795893],[126.84930419921875,34.17930603027355],[126.85763549804699,34.17791748046881],[126.85263824462925,34.186527252197266],[126.86235809326206,34.1962509155274],[126.85736083984386,34.20013809204107],[126.86985778808628,34.20291519165056],[126.8759689331057,34.21319580078131],[126.89152526855514,34.2176399230957]]],[[[126.98819732666027,34.21875],[126.99263763427768,34.21680450439476],[126.99013519287155,34.215415954590014],[126.98819732666027,34.21875]]],[[[127.19930267333984,34.223472595214844],[127.20097351074253,34.218193054199276],[127.1937484741211,34.21597290039057],[127.19347381591831,34.220973968506144],[127.19930267333984,34.223472595214844]]],[[[126.61875152587902,34.221805572509936],[126.6209716796875,34.223751068115234],[126.62124633789085,34.22236251831049],[126.61875152587902,34.221805572509936]]],[[[127.2243041992192,34.2245826721192],[127.2212524414067,34.22041702270519],[127.21736145019543,34.22319412231468],[127.2201385498048,34.2245826721192],[127.2243041992192,34.2245826721192]]],[[[127.00347137451183,34.224304199219034],[127.01291656494163,34.220973968506144],[127.00319671630882,34.22208404541033],[127.00347137451183,34.224304199219034]]],[[[126.3804168701173,34.227359771728516],[126.38513946533237,34.22541809082037],[126.38153076171875,34.223751068115234],[126.3804168701173,34.227359771728516]]],[[[126.40958404541016,34.22902679443365],[126.40597534179699,34.224304199219034],[126.40319824218795,34.224029541015625],[126.40652465820312,34.22874832153326],[126.40958404541016,34.22902679443365]]],[[[126.7701416015625,34.2295837402346],[126.77847290039062,34.227085113525504],[126.77847290039062,34.223751068115234],[126.77180480957043,34.221805572509936],[126.7701416015625,34.2295837402346]]],[[[127.46097564697266,34.232917785644645],[127.46485900878918,34.22874832153326],[127.46875000000011,34.22597122192394],[127.45930480957043,34.227359771728516],[127.46097564697266,34.232917785644645]]],[[[127.26403045654342,34.23347091674805],[127.26652526855503,34.23125076293951],[127.26430511474632,34.23125076293951],[127.26403045654342,34.23347091674805]]],[[[126.56597137451172,34.23541641235357],[126.56569671630905,34.2295837402346],[126.57208251953125,34.229862213134766],[126.57319641113327,34.22236251831049],[126.57875061035156,34.22874832153326],[126.58902740478561,34.22263717651373],[126.59347534179722,34.227085113525504],[126.60819244384766,34.223751068115234],[126.60763549804688,34.21875],[126.6251373291019,34.20541763305664],[126.61513519287121,34.19569396972685],[126.6031951904298,34.19985961914068],[126.61597442626964,34.182640075683594],[126.59625244140636,34.182640075683594],[126.59735870361374,34.19069290161127],[126.57958221435547,34.18958282470709],[126.57624816894577,34.18402862548834],[126.585693359375,34.17958450317411],[126.59069824218761,34.173751831054744],[126.5870819091798,34.17235946655285],[126.56319427490234,34.177360534668026],[126.56208038330124,34.189025878906534],[126.54763793945358,34.189304351806925],[126.54736328125,34.19319534301775],[126.55652618408203,34.194862365722656],[126.5518035888673,34.197917938232536],[126.55819702148472,34.203193664550724],[126.55236053466808,34.20597076416021],[126.56430816650413,34.21180725097656],[126.55403137207031,34.21180725097656],[126.55680847168003,34.218471527099666],[126.56625366210938,34.21930694580084],[126.56569671630905,34.22541809082037],[126.56041717529342,34.226806640625114],[126.56236267089844,34.232360839843864],[126.55319213867188,34.23402786254883],[126.56597137451172,34.23541641235357]]],[[[126.41735839843795,34.23708343505888],[126.4231948852539,34.2245826721192],[126.41819763183628,34.22263717651373],[126.42097473144554,34.22902679443365],[126.41735839843795,34.23708343505888]]],[[[127.26597595214844,34.23930740356457],[127.27124786376964,34.23791503906267],[127.27097320556675,34.23680496215849],[127.26597595214844,34.23930740356457]]],[[[126.58125305175781,34.24097061157232],[126.58319091796898,34.238193511962834],[126.58180236816406,34.23764038085943],[126.58125305175781,34.24097061157232]]],[[[127.27847290039108,34.241806030273494],[127.28125,34.24041748046875],[127.2790298461914,34.23958206176758],[127.27847290039108,34.241806030273494]]],[[[127.2629165649414,34.24069595336914],[127.26625061035156,34.242362976074446],[127.26652526855503,34.241527557373104],[127.2629165649414,34.24069595336914]]],[[[126.56097412109398,34.247360229492244],[126.57013702392624,34.24569320678711],[126.56597137451172,34.24097061157232],[126.56097412109398,34.247360229492244]]],[[[126.60847473144577,34.25013732910156],[126.62291717529342,34.247360229492244],[126.62625122070312,34.23764038085943],[126.6193084716798,34.238750457763786],[126.61347198486328,34.232917785644645],[126.60902404785168,34.23736190795904],[126.60124969482456,34.232360839843864],[126.59319305419933,34.23402786254883],[126.59847259521484,34.24652862548828],[126.60069274902344,34.24319458007841],[126.60569763183616,34.24958419799833],[126.60597229003918,34.24569320678711],[126.60763549804688,34.244583129882756],[126.60847473144577,34.25013732910156]]],[[[126.32930755615268,34.25097274780268],[126.33125305175781,34.24930572509777],[126.3290252685548,34.25013732910156],[126.32930755615268,34.25097274780268]]],[[[127.45124816894531,34.25097274780268],[127.45735931396484,34.2459716796875],[127.44875335693382,34.239028930664176],[127.4440307617192,34.24319458007841],[127.45124816894531,34.25097274780268]]],[[[127.25569152832031,34.25138854980497],[127.26319122314453,34.2454185485841],[127.2584686279298,34.24319458007841],[127.26374816894531,34.238193511962834],[127.2584686279298,34.23736190795904],[127.26264190673874,34.22624969482433],[127.25013732910156,34.221805572509936],[127.2581939697269,34.21902847290045],[127.25875091552746,34.21125030517578],[127.24097442626987,34.21875],[127.2212524414067,34.20986175537104],[127.23291778564464,34.23736190795904],[127.24069213867188,34.236526489257926],[127.24541473388706,34.24013900756836],[127.24263763427746,34.248195648193416],[127.24819183349632,34.2459716796875],[127.25569152832031,34.25138854980497]]],[[[127.01403045654297,34.2579154968264],[127.02014160156261,34.2459716796875],[127.01597595214866,34.23930740356457],[127.00819396972656,34.25513839721691],[127.01403045654297,34.2579154968264]]],[[[127.45347595214844,34.26013946533209],[127.45069122314453,34.25597381591825],[127.45180511474632,34.25402832031256],[127.45097351074253,34.253192901611385],[127.4473648071289,34.258750915527344],[127.45347595214844,34.26013946533209]]],[[[126.45486450195312,34.26430511474632],[126.45263671875023,34.2598609924317],[126.44458007812545,34.26041793823248],[126.44791412353516,34.26347351074236],[126.45486450195312,34.26430511474632]]],[[[127.2581939697269,34.264862060546875],[127.26152801513683,34.26180648803722],[127.26152801513683,34.25819396972679],[127.2540283203125,34.25958251953131],[127.2581939697269,34.264862060546875]]],[[[126.4254150390625,34.267639160156364],[126.42819213867199,34.26430511474632],[126.4231948852539,34.26374816894537],[126.4254150390625,34.267639160156364]]],[[[127.00430297851562,34.267639160156364],[127.00653076171898,34.26374816894537],[127.0048599243164,34.26319503784197],[127.00430297851562,34.267639160156364]]],[[[127.26902770996094,34.2698593139649],[127.27069091796886,34.268470764160156],[127.26958465576206,34.268196105957145],[127.26902770996094,34.2698593139649]]],[[[127.52791595458984,34.26708221435541],[127.53986358642578,34.26736068725597],[127.53847503662121,34.26124954223644],[127.5304183959961,34.26124954223644],[127.52791595458984,34.26708221435541]]],[[[126.42236328125,34.27041625976568],[126.42903137207031,34.2718048095706],[126.42930603027344,34.2698593139649],[126.42236328125,34.27041625976568]]],[[[126.44930267334007,34.27291488647478],[126.45458221435547,34.27208328247099],[126.45069122314499,34.27013778686529],[126.44930267334007,34.27291488647478]]],[[[127.27486419677746,34.27541732788086],[127.28347015380871,34.273750305175895],[127.26736450195335,34.27208328247099],[127.27486419677746,34.27541732788086]]],[[[127.27764129638706,34.28041839599621],[127.28152465820358,34.27902603149431],[127.27791595458996,34.27902603149431],[127.27764129638706,34.28041839599621]]],[[[127.15458679199219,34.2793045043947],[127.1570816040039,34.279582977294865],[127.15625000000011,34.27819442749052],[127.15458679199219,34.2793045043947]]],[[[127.00347137451183,34.28069305419922],[127.00763702392624,34.28208160400396],[127.00763702392624,34.279861450195256],[127.00347137451183,34.28069305419922]]],[[[126.54125213623047,34.282917022705135],[126.57208251953125,34.282360076904354],[126.57041931152366,34.27597045898443],[126.53874969482445,34.27624893188482],[126.54125213623047,34.282917022705135]]],[[[127.1559753417971,34.282360076904354],[127.16014099121105,34.28208160400396],[127.1598587036134,34.28097152709961],[127.1559753417971,34.282360076904354]]],[[[126.34597015380905,34.28652954101574],[126.35180664062511,34.282917022705135],[126.34569549560547,34.285694122314624],[126.34597015380905,34.28652954101574]]],[[[126.89458465576217,34.28541564941423],[126.90097045898438,34.28736114501953],[126.89847564697288,34.28347396850609],[126.89458465576217,34.28541564941423]]],[[[126.47708129882847,34.28985977172863],[126.47736358642578,34.282638549804744],[126.47291564941406,34.28430557250988],[126.46624755859386,34.27624893188482],[126.47013854980514,34.28763961791992],[126.47708129882847,34.28985977172863]]],[[[126.86486053466797,34.28985977172863],[126.867919921875,34.283195495605526],[126.8676376342778,34.28152847290039],[126.86319732666038,34.28402709960949],[126.86486053466797,34.28985977172863]]],[[[127.26513671875011,34.291526794433594],[127.26847076416016,34.28958511352545],[127.26457977294933,34.28791809082031],[127.26513671875011,34.291526794433594]]],[[[126.6220855712894,34.292083740234546],[126.62430572509811,34.2906951904298],[126.62264251708984,34.28985977172863],[126.6220855712894,34.292083740234546]]],[[[126.61319732666061,34.29347229003906],[126.61096954345737,34.28180694580078],[126.60597229003918,34.28125],[126.60652923583996,34.28930664062506],[126.61319732666061,34.29347229003906]]],[[[127.3526382446289,34.2951393127442],[127.35624694824241,34.28625106811518],[127.35986328125023,34.28541564941423],[127.36402893066406,34.29375076293945],[127.37152862548828,34.28763961791992],[127.35097503662121,34.26736068725597],[127.34764099121128,34.28180694580078],[127.3526382446289,34.2951393127442]]],[[[127.3812484741211,34.29652786254894],[127.37763977050781,34.292083740234546],[127.36985778808605,34.29375076293945],[127.37041473388717,34.29569625854498],[127.3812484741211,34.29652786254894]]],[[[127.39624786376953,34.29847335815447],[127.40208435058605,34.28763961791992],[127.39819335937534,34.28013992309582],[127.39347076416016,34.282917022705135],[127.38986206054733,34.27847290039091],[127.38625335693371,34.29291534423851],[127.39624786376953,34.29847335815447]]],[[[127.2937469482423,34.29930496215843],[127.2965240478519,34.300140380859375],[127.29680633544933,34.29958343505882],[127.2937469482423,34.29930496215843]]],[[[126.8334732055664,34.30125045776373],[126.83625030517578,34.297637939453125],[126.83291625976608,34.29875183105463],[126.8334732055664,34.30125045776373]]],[[[126.86597442626999,34.300140380859375],[126.86486053466797,34.300415039062784],[126.86708068847668,34.30180740356451],[126.86597442626999,34.300140380859375]]],[[[126.86013793945335,34.303470611572266],[126.86264038085938,34.30208206176752],[126.86069488525425,34.30152893066412],[126.86013793945335,34.303470611572266]]],[[[126.59486389160156,34.30470275878906],[126.5898590087894,34.297637939453125],[126.59347534179722,34.28985977172863],[126.58930206298851,34.288749694824276],[126.58597564697311,34.29430389404325],[126.57402801513706,34.28708267211914],[126.58097076416027,34.29847335815447],[126.59486389160156,34.30470275878906]]],[[[127.12791442871128,34.30597305297874],[127.13263702392612,34.303470611572266],[127.13291931152344,34.29958343505882],[127.12124633789097,34.30152893066412],[127.12791442871128,34.30597305297874]]],[[[126.98930358886719,34.306804656982706],[126.99236297607422,34.3051376342774],[126.98930358886719,34.30597305297874],[126.98930358886719,34.306804656982706]]],[[[126.99874877929688,34.30819320678705],[127.00125122070312,34.306526184082145],[126.9973602294923,34.30569458007835],[126.99874877929688,34.30819320678705]]],[[[127.08652496337925,34.309028625488395],[127.0906982421875,34.30986022949219],[127.0862503051759,34.30819320678705],[127.08652496337925,34.309028625488395]]],[[[127.06208038330078,34.3070831298831],[127.06513977050781,34.31152725219732],[127.06458282470714,34.3070831298831],[127.06208038330078,34.3070831298831]]],[[[127.10208129882824,34.31347274780302],[127.10319519043014,34.303749084472656],[127.0948638916019,34.303749084472656],[127.0945816040039,34.306526184082145],[127.10208129882824,34.31347274780302]]],[[[127.23874664306663,34.31430435180681],[127.24041748046875,34.312362670898665],[127.23874664306663,34.31347274780302],[127.23874664306663,34.31430435180681]]],[[[127.12486267089878,34.31402587890642],[127.13375091552757,34.315139770507926],[127.13625335693393,34.309307098388786],[127.12486267089878,34.31402587890642]]],[[[127.01708221435547,34.32069396972673],[127.01930236816418,34.318473815918196],[127.01708221435547,34.318473815918196],[127.01708221435547,34.32069396972673]]],[[[127.01180267333984,34.32125091552729],[127.01513671875034,34.31986236572294],[127.01152801513672,34.31930541992199],[127.01180267333984,34.32125091552729]]],[[[127.319580078125,34.32485961914074],[127.32319641113281,34.318473815918196],[127.32180786132824,34.31680679321289],[127.31625366210949,34.31874847412121],[127.319580078125,34.32485961914074]]],[[[127.0873641967778,34.33069610595709],[127.09124755859409,34.32263946533203],[127.08541870117188,34.31986236572294],[127.07736206054699,34.32764053344721],[127.0873641967778,34.33069610595709]]],[[[126.90458679199241,34.33180618286144],[126.90791320800793,34.32736206054682],[126.90736389160202,34.32569503784191],[126.9031982421875,34.32791519165062],[126.90458679199241,34.33180618286144]]],[[[127.37319183349621,34.332359313964844],[127.37625122070347,34.33124923706066],[127.37291717529308,34.33097076416027],[127.37319183349621,34.332359313964844]]],[[[127.08180236816406,34.335693359375284],[127.07986450195335,34.332916259765625],[127.07902526855514,34.33458328247093],[127.08180236816406,34.335693359375284]]],[[[126.91152954101574,34.3404159545899],[126.91319274902344,34.33680725097662],[126.90847015380871,34.33791732788097],[126.91152954101574,34.3404159545899]]],[[[126.98430633544945,34.34097290039085],[126.99624633789108,34.33375167846674],[126.99874877929688,34.339027404785156],[127.00430297851562,34.33763885498058],[127.00902557373092,34.33097076416027],[127.01541900634766,34.33152770996105],[127.01680755615246,34.323471069335994],[127.00541687011753,34.32152938842785],[127.00319671630882,34.31375122070318],[126.97264099121094,34.300693511963175],[126.96569824218761,34.31180572509771],[126.9598617553711,34.30847167968744],[126.95708465576217,34.327083587646655],[126.9693069458009,34.339027404785156],[126.98430633544945,34.34097290039085]]],[[[126.79235839843784,34.353473663330305],[126.79430389404297,34.35097122192383],[126.79125213623047,34.351806640625],[126.79235839843784,34.353473663330305]]],[[[126.76875305175793,34.353473663330305],[126.7701416015625,34.35208511352539],[126.76930236816406,34.351806640625],[126.76875305175793,34.353473663330305]]],[[[126.8345870971682,34.358470916748104],[126.84847259521484,34.344306945800895],[126.85569763183594,34.351806640625],[126.85791778564464,34.343750000000114],[126.87236022949219,34.349582672119084],[126.87985992431652,34.33680725097662],[126.89847564697288,34.344028472900504],[126.89653015136719,34.33152770996105],[126.88819122314453,34.33402633666998],[126.88069152832031,34.33013916015631],[126.87930297851574,34.32624816894531],[126.88652801513683,34.323471069335994],[126.88319396972668,34.3095817565918],[126.8718032836914,34.309307098388786],[126.87236022949219,34.31735992431646],[126.86374664306675,34.32152938842785],[126.86653137207054,34.31347274780302],[126.84124755859409,34.29875183105463],[126.83625030517578,34.306526184082145],[126.83958435058594,34.31375122070318],[126.82847595214866,34.32624816894531],[126.805419921875,34.326805114746264],[126.79347229003918,34.315139770507926],[126.78069305419933,34.32736206054682],[126.75125122070312,34.33458328247093],[126.76235961914074,34.338470458984375],[126.77847290039062,34.332359313964844],[126.78402709960972,34.344581604003906],[126.78958129882812,34.34597396850603],[126.80180358886719,34.333194732666186],[126.80652618408237,34.33347320556658],[126.81958007812511,34.33791732788097],[126.81791687011753,34.34819412231474],[126.8345870971682,34.358470916748104]]],[[[127.09819793701172,34.359306335449276],[127.1015243530278,34.356803894043196],[127.09986114501953,34.356250762939396],[127.09819793701172,34.359306335449276]]],[[[126.73513793945347,34.36041641235363],[126.7393035888673,34.35819625854492],[126.73569488525436,34.35708236694336],[126.73513793945347,34.36041641235363]]],[[[127.05791473388706,34.36152648925781],[127.06124877929699,34.358749389648494],[127.06124877929699,34.356803894043196],[127.05513763427746,34.35736083984375],[127.05791473388706,34.36152648925781]]],[[[127.10097503662143,34.36402893066406],[127.10319519043014,34.362083435058764],[127.10041809082031,34.36291503906273],[127.10097503662143,34.36402893066406]]],[[[127.1937484741211,34.37513732910162],[127.1979141235355,34.37597274780296],[127.19763946533214,34.373474121093864],[127.1937484741211,34.37513732910162]]],[[[127.27208709716797,34.37847137451166],[127.27569580078125,34.37791824340826],[127.27291870117188,34.37569427490257],[127.27208709716797,34.37847137451166]]],[[[127.03013610839889,34.38069534301758],[127.03514099121116,34.370693206787394],[127.04597473144577,34.367916107177734],[127.04347229003906,34.36125183105497],[127.0495834350586,34.36236190795893],[127.04291534423874,34.35736083984375],[127.04541778564464,34.35069274902344],[127.07624816894554,34.361804962158374],[127.07597351074264,34.35763931274414],[127.08569335937545,34.35763931274414],[127.08235931396484,34.35263824462896],[127.10236358642612,34.33736038208019],[127.09263610839878,34.335140228271484],[127.0873641967778,34.34236145019537],[127.06735992431652,34.347362518310774],[127.06153106689464,34.33958435058611],[127.08013916015636,34.33791732788097],[127.07430267333984,34.33430480957054],[127.07736206054699,34.33152770996105],[127.05819702148449,34.332637786865234],[127.05596923828125,34.323192596435604],[127.05069732666016,34.32458496093756],[127.04235839843761,34.3165283203125],[127.04069519043003,34.30819320678705],[127.03624725341842,34.324306488037166],[127.05124664306675,34.32875061035156],[127.05152893066418,34.3404159545899],[127.03847503662132,34.34013748168951],[127.03458404541061,34.33180618286144],[127.02986145019531,34.33208465576183],[127.03208160400402,34.339027404785156],[127.01763916015625,34.33791732788097],[127.0326385498048,34.34069442749046],[127.02902984619152,34.347637176513786],[127.01486206054688,34.35514068603521],[127.00736236572277,34.34875106811529],[126.98486328125034,34.359584808349666],[127.00736236572277,34.356803894043196],[127.01180267333984,34.36375045776367],[127.00736236572277,34.36680603027355],[127.01680755615246,34.3673629760745],[127.01013946533214,34.373748779296875],[127.01513671875034,34.37736129760748],[127.02735900878906,34.37291717529308],[127.03013610839889,34.38069534301758]]],[[[127.27680206298851,34.38124847412115],[127.2781982421875,34.379859924316406],[127.27652740478516,34.37874984741222],[127.27680206298851,34.38124847412115]]],[[[127.02569580078148,34.38458251953119],[127.02874755859398,34.38069534301758],[127.02513885498047,34.379306793213004],[127.02263641357456,34.38152694702154],[127.02569580078148,34.38458251953119]]],[[[126.85430908203136,34.388195037841854],[126.8568038940432,34.38624954223633],[126.85569763183594,34.38597106933594],[126.85430908203136,34.388195037841854]]],[[[127.09124755859409,34.39208221435547],[127.09597015380871,34.38652801513672],[127.08819580078159,34.38180541992193],[127.0915298461914,34.377082824707315],[127.06819152832031,34.37152862548834],[127.07847595214844,34.382362365722884],[127.07291412353561,34.38597106933594],[127.09124755859409,34.39208221435547]]],[[[126.82819366455101,34.39236068725586],[126.8368072509769,34.384860992431584],[126.83041381835938,34.37791824340826],[126.82485961914085,34.385417938232536],[126.82875061035168,34.38624954223633],[126.82819366455101,34.39236068725586]]],[[[126.98791503906284,34.394027709960994],[126.99013519287155,34.39347076416021],[126.98986053466797,34.39263916015625],[126.98791503906284,34.394027709960994]]],[[[127.02597045898449,34.39541625976574],[127.02735900878906,34.393749237060604],[127.02625274658237,34.39291763305664],[127.02597045898449,34.39541625976574]]],[[[127.03680419921875,34.39485931396496],[127.05208587646496,34.39291763305664],[127.04985809326206,34.385417938232536],[127.03375244140625,34.38735961914068],[127.03680419921875,34.39485931396496]]],[[[126.98263549804688,34.39513778686535],[126.98596954345703,34.39569473266613],[126.98569488525436,34.394584655761776],[126.98263549804688,34.39513778686535]]],[[[127.26180267333996,34.39625167846708],[127.26403045654342,34.397083282470874],[127.26374816894531,34.39625167846708],[127.26180267333996,34.39625167846708]]],[[[126.86319732666038,34.39902877807617],[126.86430358886719,34.39764022827143],[126.86291503906295,34.39791488647484],[126.86319732666038,34.39902877807617]]],[[[127.0593032836914,34.399860382080135],[127.06236267089844,34.400417327880916],[127.06236267089844,34.39930725097656],[127.0593032836914,34.399860382080135]]],[[[126.68597412109386,34.403194427490405],[126.69264221191406,34.39736175537104],[126.70319366455078,34.39847183227539],[126.7295837402346,34.38041687011719],[126.73124694824219,34.351806640625],[126.73847198486328,34.34819412231474],[126.73652648925815,34.341804504394815],[126.7451400756836,34.335140228271484],[126.74180603027389,34.33152770996105],[126.75069427490234,34.327083587646655],[126.75041961669922,34.31874847412121],[126.76569366455078,34.3190269470216],[126.7723617553711,34.312362670898665],[126.76152801513695,34.300415039062784],[126.77708435058639,34.28708267211914],[126.74764251708984,34.291526794433594],[126.73513793945347,34.304584503174],[126.73180389404297,34.30180740356451],[126.7370834350586,34.28625106811518],[126.71069335937511,34.297359466552734],[126.69430541992233,34.292083740234546],[126.67791748046909,34.304584503174],[126.68152618408249,34.30791473388689],[126.6759719848634,34.31541824340832],[126.66986083984386,34.31569290161133],[126.66874694824264,34.323471069335994],[126.65430450439453,34.3265266418457],[126.65347290039074,34.33097076416027],[126.64347076416038,34.32736206054682],[126.64875030517578,34.335140228271484],[126.64125061035168,34.34097290039085],[126.6451416015625,34.34652709960943],[126.64125061035168,34.36430740356445],[126.6451416015625,34.367916107177734],[126.6393051147461,34.382915496826286],[126.6493072509769,34.39291763305664],[126.68597412109386,34.403194427490405]]],[[[126.73236083984375,34.40236282348661],[126.73902893066429,34.39902877807617],[126.74485778808639,34.40097045898449],[126.7404174804692,34.39680480957048],[126.74291992187511,34.38986206054716],[126.73430633544967,34.39347076416021],[126.73236083984375,34.40236282348661]]],[[[127.03819274902366,34.40236282348661],[127.04180908203136,34.40458297729515],[127.04180908203136,34.40152740478527],[127.03819274902366,34.40236282348661]]],[[[127.04930877685547,34.40486145019531],[127.05208587646496,34.40430450439476],[127.04846954345714,34.403194427490405],[127.04930877685547,34.40486145019531]]],[[[126.91097259521507,34.40819549560558],[126.91319274902344,34.40708160400385],[126.91208648681652,34.40652847290045],[126.91097259521507,34.40819549560558]]],[[[127.03458404541061,34.40847396850597],[127.03680419921875,34.403194427490405],[127.03680419921875,34.400417327880916],[127.03097534179722,34.40263748168945],[127.03458404541061,34.40847396850597]]],[[[126.94541931152344,34.41263961791998],[126.95124816894565,34.402915954589844],[126.9415283203125,34.385139465332145],[126.9356918334961,34.38347244262724],[126.94736480712936,34.37874984741222],[126.94736480712936,34.36708450317394],[126.92819213867188,34.370140075683594],[126.92402648925815,34.35985946655285],[126.91735839843773,34.35541534423845],[126.90902709960983,34.358749389648494],[126.90680694580112,34.352916717529354],[126.89653015136719,34.35985946655285],[126.88791656494175,34.359027862548885],[126.88791656494175,34.364860534668026],[126.88208007812523,34.36652755737316],[126.88458251953125,34.37319564819347],[126.87041473388683,34.367916107177734],[126.86319732666038,34.37291717529308],[126.86819458007812,34.39041519165056],[126.87458038330078,34.39152908325207],[126.87152862548828,34.399860382080135],[126.86152648925827,34.4056930541995],[126.86486053466797,34.411251068115234],[126.87403106689453,34.4076385498048],[126.87069702148449,34.40263748168945],[126.87458038330078,34.399860382080135],[126.88208007812523,34.40208435058605],[126.88263702392612,34.40680694580084],[126.89319610595749,34.39569473266613],[126.89485931396507,34.40375137329096],[126.8998641967778,34.39764022827143],[126.90680694580112,34.402915954589844],[126.91319274902344,34.391250610351506],[126.92208099365234,34.39485931396496],[126.93235778808628,34.39069366455095],[126.94541931152344,34.41263961791998]]],[[[126.99208068847656,34.411251068115234],[126.9943084716798,34.41013717651373],[126.99402618408237,34.40791702270519],[126.99208068847656,34.411251068115234]]],[[[127.11653137207031,34.414306640625114],[127.11958312988281,34.411804199219034],[127.11736297607467,34.40708160400385],[127.11569213867188,34.40736007690441],[127.11653137207031,34.414306640625114]]],[[[126.87124633789062,34.414859771728516],[126.8729171752932,34.41347122192377],[126.87069702148449,34.41374969482433],[126.87124633789062,34.414859771728516]]],[[[126.95430755615234,34.41569519042969],[126.9531936645509,34.41041564941412],[126.94763946533203,34.412082672119425],[126.94958496093784,34.414306640625114],[126.95430755615234,34.41569519042969]]],[[[126.86096954345714,34.4154167175293],[126.86486053466797,34.414306640625114],[126.86125183105469,34.412082672119425],[126.86096954345714,34.4154167175293]]],[[[127.24180603027366,34.41680526733404],[127.25013732910156,34.414585113525504],[127.24708557128906,34.40958404541033],[127.26097106933616,34.40208435058605],[127.2584686279298,34.39736175537104],[127.26208496093761,34.39319610595703],[127.27069091796886,34.390972137451115],[127.26875305175827,34.388473510742415],[127.27486419677746,34.38569259643555],[127.26958465576206,34.385139465332145],[127.27263641357456,34.38069534301758],[127.24791717529297,34.3870849609375],[127.25096893310547,34.39069366455095],[127.24569702148449,34.39291763305664],[127.25375366210972,34.39597320556669],[127.2540283203125,34.40152740478527],[127.24041748046875,34.40625],[127.24541473388706,34.41013717651373],[127.23542022705124,34.41041564941412],[127.24319458007858,34.412082672119425],[127.24180603027366,34.41680526733404]]],[[[126.7112503051759,34.41847229003935],[126.72513580322266,34.41319274902338],[126.72763824462936,34.40708160400385],[126.70041656494186,34.41319274902338],[126.7112503051759,34.41847229003935]]],[[[127.08458709716797,34.42180633544922],[127.08597564697288,34.41569519042969],[127.07875061035156,34.414306640625114],[127.08264160156295,34.412082672119425],[127.08180236816406,34.40652847290045],[127.07569122314453,34.40986251831072],[127.07597351074264,34.415138244628906],[127.08458709716797,34.42180633544922]]],[[[127.03402709960972,34.420417785644645],[127.0370864868164,34.42235946655279],[127.03736114501953,34.42180633544922],[127.03402709960972,34.420417785644645]]],[[[126.85791778564464,34.42458343505888],[126.86180877685547,34.42263793945318],[126.86264038085938,34.420417785644645],[126.85736083984386,34.41847229003935],[126.85791778564464,34.42458343505888]]],[[[127.00902557373092,34.42291641235357],[127.01125335693405,34.423751831054915],[127.00958251953148,34.42180633544922],[127.00902557373092,34.42291641235357]]],[[[127.07930755615234,34.426250457763615],[127.0848617553711,34.42291641235357],[127.07791900634766,34.423473358154524],[127.07930755615234,34.426250457763615]]],[[[126.87403106689453,34.42763900756836],[126.87791442871094,34.418193817138956],[126.87708282470703,34.41402816772472],[126.86846923828159,34.42180633544922],[126.87403106689453,34.42763900756836]]],[[[126.85124969482433,34.429584503173885],[126.85708618164085,34.42847061157232],[126.85708618164085,34.42541503906267],[126.85124969482433,34.429584503173885]]],[[[127.00597381591842,34.43680572509777],[127.01152801513672,34.43680572509777],[127.01208496093784,34.434860229492244],[127.00597381591842,34.43680572509777]]],[[[126.8345870971682,34.4429168701173],[126.83403015136719,34.43180465698259],[126.8398590087894,34.43430709838867],[126.8459701538086,34.429306030273494],[126.8429183959961,34.420696258545036],[126.82402801513706,34.41986083984369],[126.83902740478561,34.41097259521507],[126.85069274902355,34.418193817138956],[126.85346984863304,34.41263961791998],[126.84847259521484,34.40736007690441],[126.85708618164085,34.40847396850597],[126.85874938964844,34.39652633666992],[126.86624908447288,34.39652633666992],[126.86597442626999,34.38986206054716],[126.8537521362307,34.39208221435547],[126.84902954101562,34.388473510742415],[126.84375,34.39485931396496],[126.82458496093795,34.39930725097656],[126.81874847412132,34.38208389282249],[126.80263519287132,34.385139465332145],[126.79180908203125,34.38124847412115],[126.78041839599632,34.368473052978686],[126.78180694580124,34.361804962158374],[126.7765274047855,34.35791778564453],[126.78013610839889,34.351806640625],[126.76819610595737,34.35652923583996],[126.76625061035156,34.36402893066406],[126.77930450439453,34.38180541992193],[126.749305725098,34.379306793213004],[126.75624847412155,34.39208221435547],[126.76819610595737,34.39875030517578],[126.76457977294945,34.41069412231468],[126.78819274902344,34.43319320678734],[126.81652832031261,34.4334716796875],[126.81680297851562,34.43791580200195],[126.8345870971682,34.4429168701173]]],[[[127.01958465576206,34.449859619140625],[127.02486419677768,34.44763946533209],[127.02153015136719,34.446250915527344],[127.01958465576206,34.449859619140625]]],[[[127.04458618164085,34.46041488647478],[127.04930877685547,34.45180511474615],[127.05791473388706,34.453472137451456],[127.05403137207077,34.45708465576172],[127.05513763427746,34.458751678467024],[127.06541442871094,34.45152664184576],[127.07514190673828,34.429306030273494],[127.07541656494175,34.42319488525396],[127.06680297851585,34.42097091674805],[127.07347106933605,34.41652679443365],[127.06847381591842,34.40986251831072],[127.0676422119144,34.41347122192377],[127.06625366210972,34.41347122192377],[127.0626373291019,34.40180587768566],[127.05791473388706,34.417915344238395],[127.06124877929699,34.426250457763615],[127.05014038085938,34.42847061157232],[127.05291748046875,34.41736221313499],[127.04652404785156,34.414585113525504],[127.03791809082031,34.42152786254883],[127.0343017578125,34.449584960937614],[127.02263641357456,34.45430374145525],[127.04458618164085,34.46041488647478]]]]}},{"type":"Feature","properties":{"ID_0":211,"ISO":"KOR","NAME_0":"South Korea","ID_1":14,"NAME_1":"Jeollanam-do","ID_2":197,"NAME_2":"Yeongam","NL_NAME_2":"???| ???","VARNAME_2":null,"TYPE_2":"Gun","ENGTYPE_2":"County"},"geometry":{"type":"MultiPolygon","coordinates":[[[[126.43791961669933,34.731803894043026],[126.44208526611328,34.72986221313488],[126.43819427490234,34.72652816772461],[126.43791961669933,34.731803894043026]]],[[[126.41986083984409,34.73263931274414],[126.4220809936528,34.73208236694359],[126.42013549804688,34.73152923583979],[126.41986083984409,34.73263931274414]]],[[[126.36846923828125,34.749027252197266],[126.36985778808616,34.75041580200201],[126.37041473388683,34.749305725097656],[126.36846923828125,34.749027252197266]]],[[[126.36096954345737,34.757915496826286],[126.36319732666061,34.75569534301758],[126.36096954345737,34.75736236572271],[126.36096954345737,34.757915496826286]]],[[[126.35541534423828,34.75986099243181],[126.35430908203148,34.75652694702154],[126.36013793945358,34.74514007568382],[126.35124969482456,34.751525878906364],[126.35541534423828,34.75986099243181]]],[[[126.36985778808616,34.76152801513672],[126.37264251708984,34.760417938232365],[126.37041473388683,34.75902938842802],[126.36985778808616,34.76152801513672]]],[[[126.3781967163086,34.769584655761776],[126.37985992431675,34.76847076416044],[126.37708282470714,34.76819610595703],[126.3781967163086,34.769584655761776]]],[[[126.29708099365268,34.784305572509766],[126.30236053466831,34.78180694580084],[126.30180358886719,34.77624893188471],[126.28819274902355,34.77736282348644],[126.29708099365268,34.784305572509766]]],[[[126.35569763183639,34.78486251831055],[126.36096954345737,34.77680587768566],[126.37541961669956,34.77069473266613],[126.3687515258789,34.76291656494146],[126.36930847168003,34.758193969726676],[126.3629150390625,34.760139465331974],[126.3651351928711,34.76486206054699],[126.35930633544922,34.775138854980526],[126.35569763183639,34.77430725097656],[126.35569763183639,34.78486251831055]]],[[[126.32125091552768,34.788471221924],[126.3245849609375,34.780971527099894],[126.32986450195312,34.78347396850597],[126.33069610595703,34.78180694580084],[126.31597137451195,34.76625061035173],[126.32096862792969,34.763473510742244],[126.31791687011719,34.75875091552763],[126.30625152587913,34.763748168945426],[126.30430603027344,34.77069473266613],[126.30819702148438,34.78208160400408],[126.31430816650436,34.781250000000284],[126.32125091552768,34.788471221924]]],[[[126.31569671630905,34.789859771728516],[126.31874847412155,34.789859771728516],[126.31597137451195,34.78819274902361],[126.31569671630905,34.789859771728516]]],[[[126.33125305175781,34.79402923584013],[126.33374786376953,34.792640686035384],[126.33264160156261,34.790138244628906],[126.33125305175781,34.79402923584013]]],[[[126.34041595458984,34.79486083984392],[126.33958435058594,34.78319549560558],[126.33819580078148,34.78263854980463],[126.33403015136753,34.788471221924],[126.34041595458984,34.79486083984392]]],[[[126.72640228271484,34.89222717285162],[126.73161315917969,34.886791229248104],[126.7652511596682,34.891990661621094],[126.81379699707054,34.86577224731445],[126.86600494384766,34.86823654174805],[126.86476135253906,34.85770416259771],[126.85031890869163,34.832069396972656],[126.83043670654342,34.830165863037166],[126.8193359375,34.82386779785156],[126.79105377197266,34.770027160644645],[126.75027465820335,34.75178527832031],[126.7157211303711,34.75831985473627],[126.6972579956057,34.752994537353686],[126.67569732666038,34.72727203369169],[126.68093872070324,34.68056869506836],[126.63990783691418,34.66710662841797],[126.61492156982433,34.67907714843744],[126.58333587646484,34.67788314819336],[126.56153106689464,34.658195495605526],[126.55680847168003,34.669860839844034],[126.56402587890648,34.681526184082145],[126.53874969482445,34.68264007568388],[126.53013610839844,34.70652770996105],[126.51569366455078,34.71513748168951],[126.50541687011719,34.72624969482422],[126.5068054199221,34.731803894043026],[126.49791717529331,34.73597335815441],[126.47180175781273,34.73819351196295],[126.45652770996128,34.728473663330135],[126.45041656494152,34.73152923583979],[126.45291900634788,34.7368049621582],[126.4487533569336,34.742916107177734],[126.43902587890625,34.73791503906256],[126.44041442871105,34.74236297607433],[126.43541717529297,34.742637634277344],[126.42763519287121,34.7362518310548],[126.4295806884769,34.743194580078125],[126.41874694824219,34.74180603027355],[126.41402435302734,34.74763870239252],[126.40708160400425,34.74430465698248],[126.40652465820312,34.73902893066406],[126.3948593139653,34.740139007568416],[126.3973617553711,34.73513793945324],[126.38847351074219,34.73152923583979],[126.3629150390625,34.740139007568416],[126.36374664306652,34.745971679687784],[126.37958526611351,34.74819564819347],[126.37985992431675,34.7526397705081],[126.38375091552746,34.74986267089844],[126.38625335693371,34.75986099243181],[126.37847137451206,34.75708389282232],[126.38402557373047,34.76291656494146],[126.37875366210938,34.76625061035173],[126.3912506103519,34.77041625976574],[126.39041900634811,34.78541564941412],[126.4092025756836,34.78128814697277],[126.43145751953136,34.78469848632824],[126.49376678466797,34.80092620849621],[126.55164337158249,34.825229644775504],[126.55709075927734,34.84018707275419],[126.5559310913086,34.86045074462902],[126.57592010498058,34.872081756592024],[126.59043884277366,34.90667724609375],[126.62625885009766,34.90705871582031],[126.64417266845703,34.88091659545927],[126.67810821533237,34.88603210449236],[126.68399810791038,34.892189025878906],[126.68001556396518,34.92107009887695],[126.68500518798828,34.92801284790045],[126.70692443847656,34.93224716186535],[126.71915435791016,34.92115020751953],[126.72640228271484,34.89222717285162]]]]}},{"type":"Feature","properties":{"ID_0":211,"ISO":"KOR","NAME_0":"South Korea","ID_1":14,"NAME_1":"Jeollanam-do","ID_2":198,"NAME_2":"Yeonggwang","NL_NAME_2":"???| ???","VARNAME_2":null,"TYPE_2":"Gun","ENGTYPE_2":"County"},"geometry":{"type":"MultiPolygon","coordinates":[[[[126.33541870117222,35.16569519042969],[126.33875274658214,35.165138244629134],[126.33708190918003,35.162082672119254],[126.33541870117222,35.16569519042969]]],[[[126.35319519042969,35.170970916748104],[126.35791778564487,35.17013931274431],[126.35736083984398,35.16875076293957],[126.35319519042969,35.170970916748104]]],[[[126.34180450439464,35.1754150390625],[126.34402465820312,35.17430496215832],[126.33958435058594,35.17235946655302],[126.34180450439464,35.1754150390625]]],[[[126.36042022705101,35.188751220703125],[126.3629150390625,35.188751220703125],[126.3629150390625,35.18791580200195],[126.36042022705101,35.188751220703125]]],[[[126.3643035888673,35.29569625854515],[126.36597442626953,35.294303894043026],[126.36347198486351,35.29347229003906],[126.3643035888673,35.29569625854515]]],[[[126.39902496337902,35.376251220703125],[126.3973617553711,35.37125015258795],[126.39263916015659,35.37263870239269],[126.39319610595714,35.37486267089855],[126.39902496337902,35.376251220703125]]],[[[126.39680480957031,35.38319396972662],[126.3995819091798,35.38124847412132],[126.39847564697311,35.38069534301752],[126.39680480957031,35.38319396972662]]],[[[126.42402648925804,35.42986297607422],[126.45655822753906,35.41946411132824],[126.46815490722668,35.40854644775396],[126.46735382080112,35.386051177978686],[126.4910888671875,35.37109375],[126.50395965576217,35.35780334472662],[126.50275421142624,35.3460502624514],[126.53195953369152,35.32550811767578],[126.55489349365268,35.295993804931754],[126.57194519042991,35.29192352294939],[126.61494445800793,35.3099060058596],[126.66504669189453,35.305786132812614],[126.6497802734375,35.27560424804693],[126.63171386718761,35.26339721679693],[126.61753845214844,35.246292114257926],[126.60446929931686,35.24141311645519],[126.6007080078125,35.223205566406364],[126.60726928710938,35.20431518554699],[126.60104370117233,35.19029235839844],[126.57485961914108,35.187751770019645],[126.54779052734386,35.17010498046898],[126.5256805419923,35.176368713378906],[126.51119995117233,35.17300415039068],[126.47737884521484,35.18025588989258],[126.44432067871128,35.170719146728516],[126.40491485595749,35.182186126708984],[126.37678527832031,35.171691894531534],[126.38301849365257,35.15736007690447],[126.37486267089844,35.15819549560541],[126.3670806884769,35.16764068603521],[126.36013793945358,35.168193817138786],[126.3612518310548,35.182640075683594],[126.3526382446289,35.18402862548851],[126.37124633789062,35.188751220703125],[126.36736297607433,35.19652938842779],[126.37319183349632,35.1987495422365],[126.37708282470714,35.21097183227539],[126.35763549804699,35.20180511474615],[126.35930633544922,35.20763778686552],[126.34680175781284,35.20958328247082],[126.33847045898472,35.203472137451286],[126.34152984619163,35.20986175537121],[126.33569335937511,35.218471527099666],[126.33958435058594,35.22291564941406],[126.32514190673828,35.223472595214844],[126.33985900878906,35.2101402282716],[126.33985900878906,35.206527709961165],[126.33374786376953,35.203472137451286],[126.32958221435558,35.208751678466854],[126.31791687011719,35.20819473266607],[126.31903076171898,35.21708297729492],[126.31346893310558,35.22708511352545],[126.29985809326195,35.23069381713873],[126.31153106689453,35.253192901611385],[126.32541656494163,35.23513793945335],[126.32569122314487,35.22847366333019],[126.33235931396518,35.238471984863395],[126.34041595458984,35.24041748046892],[126.3334732055664,35.252918243408374],[126.34458160400413,35.259304046630916],[126.35041809082077,35.270973205566406],[126.34319305419922,35.27430725097685],[126.33208465576183,35.26985931396507],[126.32958221435558,35.273750305175895],[126.33680725097656,35.28736114501953],[126.3687515258789,35.28430557250982],[126.37347412109386,35.2987518310548],[126.3812484741211,35.2993049621582],[126.37596893310592,35.30263900756847],[126.37569427490234,35.33041763305687],[126.38319396972668,35.33597183227545],[126.3870849609375,35.35374832153349],[126.39680480957031,35.36930465698242],[126.40347290039062,35.36902618408203],[126.40430450439453,35.36319351196289],[126.41958618164062,35.36597061157238],[126.4295806884769,35.35736083984375],[126.44652557373058,35.355693817138786],[126.44403076171886,35.361526489257756],[126.43152618408203,35.35958480834961],[126.4270858764653,35.36847305297863],[126.41764068603538,35.36958312988281],[126.40902709960949,35.37874984741222],[126.4148635864259,35.37763977050787],[126.41930389404297,35.38291549682623],[126.40791320800804,35.38069534301752],[126.40763854980514,35.39291763305681],[126.40264129638683,35.390415191650334],[126.40264129638683,35.40041732788109],[126.40930175781295,35.39902877807617],[126.40319824218795,35.402637481689624],[126.40847015380893,35.40402603149414],[126.40347290039062,35.40430450439453],[126.40985870361328,35.41291809082037],[126.40652465820312,35.417362213134766],[126.42402648925804,35.42986297607422]]]]}},{"type":"Feature","properties":{"ID_0":211,"ISO":"KOR","NAME_0":"South Korea","ID_1":14,"NAME_1":"Jeollanam-do","ID_2":199,"NAME_2":"Yeosu","NL_NAME_2":"???| ???","VARNAME_2":null,"TYPE_2":"Si","ENGTYPE_2":"City"},"geometry":{"type":"MultiPolygon","coordinates":[[[[127.90208435058594,34.4170837402346],[127.90513610839844,34.41597366333025],[127.90152740478527,34.41374969482433],[127.90208435058594,34.4170837402346]]],[[[127.78236389160156,34.45152664184576],[127.78624725341808,34.453472137451456],[127.78624725341808,34.45152664184576],[127.78236389160156,34.45152664184576]]],[[[127.80569458007824,34.461528778076286],[127.80236053466831,34.452640533447266],[127.80791473388672,34.44902801513683],[127.81791687011741,34.45208358764671],[127.80403137207031,34.429027557373104],[127.81014251708984,34.42430496215832],[127.80819702148483,34.41597366333025],[127.80291748046886,34.414585113525504],[127.80625152587902,34.4076385498048],[127.79846954345749,34.409305572509766],[127.79736328125,34.41652679443365],[127.78819274902378,34.41236114501959],[127.78541564941406,34.4170837402346],[127.78930664062523,34.426528930664176],[127.80097198486362,34.43152618408203],[127.78485870361328,34.43125152587919],[127.79736328125,34.43958282470726],[127.79374694824219,34.441249847412166],[127.79792022705112,34.444026947021484],[127.79430389404297,34.45652770996094],[127.80569458007824,34.461528778076286]]],[[[127.7884750366211,34.479026794433594],[127.7940292358403,34.4801406860351],[127.79096984863281,34.47430419921898],[127.7884750366211,34.479026794433594]]],[[[127.78874969482467,34.48291778564459],[127.79069519042969,34.48430633544933],[127.79041290283249,34.48236083984381],[127.78874969482467,34.48291778564459]]],[[[127.82430267334007,34.499862670898665],[127.8268051147461,34.49541854858404],[127.81291961669967,34.49180603027344],[127.82624816894531,34.485694885253906],[127.82152557373058,34.47541809082031],[127.81458282470726,34.479026794433594],[127.81041717529297,34.47486114501953],[127.81041717529297,34.4806938171389],[127.80486297607422,34.4826393127442],[127.80097198486362,34.475971221923885],[127.80430603027344,34.470973968505916],[127.79652404785168,34.47263717651367],[127.79736328125,34.49152755737305],[127.80403137207031,34.48875045776373],[127.81263732910156,34.49819564819336],[127.82430267334007,34.499862670898665]]],[[[127.80430603027344,34.50291824340832],[127.80652618408203,34.50097274780302],[127.80403137207031,34.50180435180681],[127.80430603027344,34.50291824340832]]],[[[127.80569458007824,34.51013946533203],[127.80735778808594,34.511806488037166],[127.80791473388672,34.510971069335994],[127.80569458007824,34.51013946533203]]],[[[127.80819702148483,34.51625061035156],[127.81153106689476,34.5159721374514],[127.81069183349643,34.514583587646655],[127.80819702148483,34.51625061035156]]],[[[127.77069091796909,34.53680419921892],[127.77430725097668,34.535137176513786],[127.76958465576172,34.53430557250982],[127.77069091796909,34.53680419921892]]],[[[127.72624969482456,34.5493049621582],[127.7576370239259,34.552639007568416],[127.76430511474621,34.539306640625],[127.76235961914062,34.53430557250982],[127.78041839599643,34.520137786865234],[127.78180694580078,34.51069259643583],[127.76791381835949,34.50902938842768],[127.78763580322266,34.50736236572294],[127.79319763183628,34.502639770507756],[127.79180908203159,34.4970817565918],[127.79875183105491,34.4970817565918],[127.79069519042969,34.48680496215826],[127.76235961914062,34.490417480468864],[127.76902770996094,34.49208450317383],[127.77319335937523,34.49930572509771],[127.76569366455078,34.49514007568365],[127.75375366210938,34.49874877929693],[127.75402832031295,34.50430679321289],[127.7345809936528,34.502639770507756],[127.73319244384811,34.505695343017635],[127.74097442626953,34.51041793823242],[127.72513580322266,34.51652908325195],[127.73291778564464,34.52680587768555],[127.71847534179688,34.523471832275675],[127.69652557373047,34.538192749023665],[127.7115249633789,34.537639617919865],[127.72624969482456,34.5493049621582]]],[[[127.77041625976574,34.567081451416016],[127.76875305175781,34.56375122070335],[127.76374816894554,34.56208419799805],[127.76430511474621,34.564304351806754],[127.77041625976574,34.567081451416016]]],[[[127.75208282470714,34.56791687011719],[127.74874877929699,34.56291580200201],[127.74402618408203,34.56541824340826],[127.74736022949264,34.56791687011719],[127.75208282470714,34.56791687011719]]],[[[127.73319244384811,34.57125091552763],[127.7420806884769,34.56263732910162],[127.7370834350586,34.55875015258795],[127.72430419921875,34.56069564819347],[127.73319244384811,34.57125091552763]]],[[[127.73874664306652,34.57513809204107],[127.74291992187545,34.57097244262724],[127.73847198486351,34.570137023925895],[127.73874664306652,34.57513809204107]]],[[[127.58069610595703,34.57680511474621],[127.58319091796886,34.57652664184582],[127.58291625976574,34.575695037841854],[127.58069610595703,34.57680511474621]]],[[[127.72597503662121,34.57986068725586],[127.7287521362307,34.573192596435774],[127.71208190918003,34.564582824707315],[127.70958709716842,34.576248168945426],[127.72597503662121,34.57986068725586]]],[[[127.68069458007812,34.58041763305664],[127.68291473388672,34.5770835876466],[127.67819213867222,34.57847213745134],[127.68069458007812,34.58041763305664]]],[[[127.76264190673828,34.581806182861385],[127.76569366455078,34.57541656494146],[127.75569152832077,34.57680511474621],[127.75514221191418,34.58013916015625],[127.76264190673828,34.581806182861385]]],[[[127.65902709960949,34.58569335937523],[127.67124938964889,34.58013916015625],[127.670692443848,34.572360992431584],[127.67541503906261,34.5745849609375],[127.68096923828148,34.569862365722884],[127.68569183349655,34.576248168945426],[127.69486236572277,34.575695037841854],[127.70513916015625,34.56347274780296],[127.68985748291016,34.564025878906364],[127.68736267089866,34.558193206787394],[127.69041442871116,34.56819534301758],[127.68819427490246,34.57125091552763],[127.67903137207043,34.566528320312614],[127.68152618408214,34.561527252197266],[127.67791748046898,34.56236267089861],[127.67375183105503,34.55458450317394],[127.6687469482423,34.56041717529308],[127.65847015380905,34.552360534668026],[127.64958190918003,34.555416107177734],[127.64791870117188,34.567359924316406],[127.640419006348,34.56958389282232],[127.63903045654331,34.555973052978686],[127.6379165649414,34.5745849609375],[127.65902709960949,34.58569335937523]]],[[[127.60041809082031,34.58986282348644],[127.6054153442384,34.587917327880916],[127.5995864868164,34.58847045898432],[127.60041809082031,34.58986282348644]]],[[[127.69208526611328,34.5915260314942],[127.69680786132858,34.590415954589844],[127.69152832031261,34.58958435058605],[127.69208526611328,34.5915260314942]]],[[[127.53624725341797,34.590972900390796],[127.539306640625,34.590694427490234],[127.53763580322288,34.587638854980526],[127.53624725341797,34.590972900390796]]],[[[127.55652618408203,34.59402847290045],[127.55986022949264,34.58847045898432],[127.56847381591797,34.58597183227562],[127.55930328369175,34.58514022827143],[127.55347442626953,34.58986282348644],[127.55652618408203,34.59402847290045]]],[[[127.56430816650402,34.59180450439459],[127.56930541992188,34.5926399230957],[127.57152557373047,34.590415954589844],[127.56430816650402,34.59180450439459]]],[[[127.73291778564464,34.59541702270519],[127.7309722900394,34.587917327880916],[127.74430847168014,34.582084655761776],[127.73486328125,34.57402801513672],[127.71208190918003,34.5915260314942],[127.71958160400425,34.59375],[127.72152709960938,34.58874893188488],[127.73291778564464,34.59541702270519]]],[[[127.68041992187534,34.59375],[127.69069671630882,34.59402847290045],[127.68597412109375,34.587917327880916],[127.68041992187534,34.59375]]],[[[127.62264251708984,34.597084045410156],[127.62569427490234,34.58819580078131],[127.62180328369186,34.5915260314942],[127.60624694824219,34.58874893188488],[127.62264251708984,34.597084045410156]]],[[[127.51235961914085,34.59847259521507],[127.51291656494152,34.59569549560558],[127.5112533569336,34.596805572509766],[127.51235961914085,34.59847259521507]]],[[[127.57707977294922,34.599304199218864],[127.58041381835983,34.596805572509766],[127.57707977294922,34.59597396850597],[127.57707977294922,34.599304199218864]]],[[[127.66014099121139,34.60402679443365],[127.66097259521518,34.60013961791998],[127.65458679199219,34.597084045410156],[127.65985870361328,34.59180450439459],[127.65208435058594,34.58708190917997],[127.64541625976562,34.59013748168945],[127.65041351318405,34.59430694580084],[127.64902496337913,34.60402679443365],[127.66014099121139,34.60402679443365]]],[[[127.60652923583984,34.605140686035384],[127.60152435302757,34.59430694580084],[127.59402465820347,34.597084045410156],[127.59708404541016,34.602359771728516],[127.60652923583984,34.605140686035384]]],[[[127.71569824218795,34.60486221313499],[127.71263885498092,34.605140686035384],[127.71597290039085,34.605415344238395],[127.71569824218795,34.60486221313499]]],[[[127.70625305175781,34.61041641235357],[127.72569274902366,34.60736083984369],[127.7037506103519,34.60402679443365],[127.70625305175781,34.61041641235357]]],[[[127.58347320556652,34.614028930664006],[127.58736419677734,34.6129150390625],[127.58264160156273,34.610973358154354],[127.58347320556652,34.614028930664006]]],[[[127.55263519287143,34.61791610717785],[127.55208587646484,34.613750457763615],[127.56458282470749,34.614028930664006],[127.56735992431652,34.60486221313499],[127.55124664306652,34.601806640625114],[127.55041503906273,34.59375],[127.53541564941418,34.596805572509766],[127.54069519042969,34.599861145019815],[127.53847503662121,34.60930633544922],[127.52541351318393,34.60214996337919],[127.52180480957054,34.6129150390625],[127.52458190918014,34.617084503173885],[127.5412521362307,34.61180496215832],[127.5443038940432,34.61902618408203],[127.55263519287143,34.61791610717785]]],[[[127.71180725097656,34.619861602783374],[127.71624755859386,34.61597061157232],[127.71680450439464,34.613750457763615],[127.71347045898472,34.61513900756836],[127.71180725097656,34.619861602783374]]],[[[127.63569641113281,34.62458419799816],[127.64763641357422,34.61930465698242],[127.65541839599655,34.608196258545036],[127.64236450195312,34.61180496215832],[127.64152526855469,34.605140686035384],[127.6315307617192,34.60736083984369],[127.6245803833009,34.61513900756836],[127.62680816650436,34.62208175659208],[127.63569641113281,34.62458419799816]]],[[[127.5304183959961,34.62902832031256],[127.52874755859386,34.62374877929699],[127.52708435058594,34.62374877929699],[127.52708435058594,34.62763977050781],[127.5304183959961,34.62902832031256]]],[[[127.5359725952153,34.63375091552757],[127.53986358642578,34.62930679321295],[127.54930877685547,34.63263702392584],[127.54624938964844,34.628471374512],[127.55180358886764,34.6304168701173],[127.55236053466797,34.6268043518067],[127.53514099121128,34.62347412109381],[127.5318069458009,34.6268043518067],[127.5359725952153,34.63375091552757]]],[[[127.71097564697266,34.637084960937614],[127.71263885498092,34.63513946533209],[127.70986175537132,34.63569259643572],[127.71097564697266,34.637084960937614]]],[[[127.51847076416061,34.640972137451456],[127.51374816894531,34.632083892822266],[127.51708221435592,34.62513732910156],[127.52375030517578,34.625694274902344],[127.52597045898449,34.62125015258789],[127.52180480957054,34.61847305297863],[127.5087509155278,34.63319396972662],[127.51847076416061,34.640972137451456]]],[[[127.55097198486362,34.642917633056754],[127.5687484741211,34.634582519531534],[127.56986236572288,34.62652587890631],[127.54680633544922,34.637084960937614],[127.55097198486362,34.642917633056754]]],[[[127.79958343505871,34.648750305175724],[127.8012466430664,34.646804809570426],[127.79902648925793,34.64597320556646],[127.79958343505871,34.648750305175724]]],[[[127.55430603027355,34.65597152709984],[127.55735778808605,34.655139923095646],[127.55430603027355,34.65541839599604],[127.55430603027355,34.65597152709984]]],[[[127.55124664306652,34.657360076904354],[127.54902648925781,34.658195495605526],[127.55124664306652,34.65958404541027],[127.55124664306652,34.657360076904354]]],[[[127.73347473144531,34.66541671752941],[127.7345809936528,34.66208267211937],[127.7340240478519,34.66069412231445],[127.73069763183594,34.66263961791992],[127.73347473144531,34.66541671752941]]],[[[127.70791625976562,34.6701393127442],[127.71319580078136,34.67124938964838],[127.71319580078136,34.669582366943644],[127.70791625976562,34.6701393127442]]],[[[127.68069458007812,34.67652893066412],[127.68458557128918,34.67486190795921],[127.68041992187534,34.6751403808596],[127.68069458007812,34.67652893066412]]],[[[127.70207977294922,34.67986297607422],[127.70486450195312,34.6776390075683],[127.70569610595703,34.676250457763956],[127.70041656494152,34.675415039062614],[127.70207977294922,34.67986297607422]]],[[[127.7420806884769,34.68291854858404],[127.74458312988304,34.678470611572266],[127.74430847168014,34.67680740356451],[127.73958587646484,34.67958450317383],[127.7420806884769,34.68291854858404]]],[[[127.79069519042969,34.68597412109375],[127.79319763183628,34.68597412109375],[127.79319763183628,34.68513870239258],[127.79069519042969,34.68597412109375]]],[[[127.7040252685548,34.68652725219732],[127.70735931396496,34.687084197998104],[127.70652770996116,34.68513870239258],[127.7040252685548,34.68652725219732]]],[[[127.70874786376953,34.68902587890625],[127.7115249633789,34.68930435180664],[127.71097564697266,34.68513870239258],[127.70874786376953,34.68902587890625]]],[[[127.71125030517624,34.6920814514163],[127.71458435058594,34.693195343017635],[127.71458435058594,34.6920814514163],[127.71125030517624,34.6920814514163]]],[[[127.79208374023438,34.692916870117244],[127.79430389404297,34.692638397216854],[127.79597473144543,34.69124984741211],[127.79208374023438,34.692916870117244]]],[[[127.78652954101597,34.69430541992199],[127.78902435302757,34.69458389282238],[127.78819274902378,34.693473815918026],[127.78652954101597,34.69430541992199]]],[[[127.69513702392578,34.70902633666998],[127.69763946533237,34.70875167846697],[127.69708251953148,34.707916259765625],[127.69513702392578,34.70902633666998]]],[[[127.70041656494152,34.71180725097662],[127.71013641357433,34.70902633666998],[127.71208190918003,34.701805114746094],[127.70430755615246,34.70430374145519],[127.70041656494152,34.71180725097662]]],[[[127.70625305175781,34.71180725097662],[127.71097564697266,34.710971832275675],[127.71125030517624,34.70930480957037],[127.70625305175781,34.71180725097662]]],[[[127.70958709716842,34.71430587768555],[127.71208190918003,34.7154159545899],[127.71263885498092,34.71152877807623],[127.70958709716842,34.71430587768555]]],[[[127.71319580078136,34.72013854980469],[127.7084732055664,34.72013854980469],[127.71402740478516,34.72152709960943],[127.71319580078136,34.72013854980469]]],[[[127.72513580322266,34.722362518310604],[127.73236083984409,34.71847152709978],[127.7276382446289,34.70958328247076],[127.73374938964844,34.710693359375114],[127.7420806884769,34.70291519165045],[127.73430633544922,34.698749542236385],[127.71986389160168,34.704860687256144],[127.71847534179688,34.719581604004134],[127.72513580322266,34.722362518310604]]],[[[127.7345809936528,34.73347091674833],[127.73652648925781,34.73208236694359],[127.7345809936528,34.73236083984398],[127.7345809936528,34.73347091674833]]],[[[127.74430847168014,34.734027862548885],[127.78708648681652,34.716804504394645],[127.78958129882847,34.699306488037166],[127.77569580078125,34.702083587646484],[127.78069305419933,34.707637786865234],[127.77874755859375,34.71152877807623],[127.77402496337902,34.70458221435575],[127.77097320556652,34.710971832275675],[127.76513671875,34.71041488647472],[127.77041625976574,34.701805114746094],[127.7629165649414,34.70569610595709],[127.75902557373047,34.70375061035179],[127.76597595214844,34.69430541992199],[127.77347564697288,34.69652938842768],[127.77347564697288,34.70041656494152],[127.77958679199264,34.69736099243187],[127.78180694580078,34.68902587890625],[127.77652740478538,34.68097305297857],[127.78319549560558,34.67124938964838],[127.79041290283249,34.66930389404308],[127.79264068603538,34.672916412353516],[127.79513549804688,34.667362213134936],[127.80014038085983,34.66791534423834],[127.79347229003918,34.66485977172846],[127.79541778564499,34.66041564941406],[127.80625152587902,34.66152954101557],[127.80680847168014,34.657638549804744],[127.79846954345749,34.655139923095646],[127.7981948852539,34.64513778686529],[127.79430389404297,34.64513778686529],[127.8004150390625,34.62985992431635],[127.79264068603538,34.6304168701173],[127.79235839843773,34.611526489257926],[127.78819274902378,34.607917785644645],[127.80180358886741,34.602085113525504],[127.80208587646507,34.596248626708984],[127.80791473388672,34.597084045410156],[127.80347442626953,34.58680725097656],[127.7898635864259,34.58430480957031],[127.78041839599643,34.58902740478527],[127.7698593139653,34.587638854980526],[127.76457977294933,34.5931930541995],[127.74930572509766,34.59236145019554],[127.73680877685592,34.60458374023443],[127.7370834350586,34.611251831054915],[127.71958160400425,34.61319351196306],[127.71013641357433,34.62152862548828],[127.72430419921875,34.634860992431925],[127.71736145019577,34.643196105957145],[127.7115249633789,34.64263916015619],[127.71986389160168,34.646526336670036],[127.72347259521496,34.655693054199446],[127.72902679443371,34.65597152709984],[127.74764251708984,34.66875076293968],[127.75291442871094,34.681526184082145],[127.77180480957031,34.684307098388786],[127.75653076171909,34.690418243408146],[127.7545852661134,34.70986175537132],[127.75846862792969,34.71263885498041],[127.74652862548828,34.714027404785156],[127.74153137207054,34.72708511352539],[127.73652648925781,34.728473663330135],[127.74430847168014,34.734027862548885]]],[[[127.56153106689499,34.73485946655268],[127.56625366210938,34.73541641235363],[127.56485748291016,34.73263931274414],[127.56153106689499,34.73485946655268]]],[[[127.67124938964889,34.7387504577639],[127.67346954345703,34.73791503906256],[127.67208099365268,34.737083435058594],[127.67124938964889,34.7387504577639]]],[[[127.55986022949264,34.737640380859546],[127.56180572509766,34.7387504577639],[127.56097412109386,34.7368049621582],[127.55986022949264,34.737640380859546]]],[[[127.65680694580078,34.74180603027355],[127.65875244140648,34.73986053466825],[127.65652465820324,34.740139007568416],[127.65680694580078,34.74180603027355]]],[[[127.6656951904298,34.745971679687784],[127.66625213623058,34.74236297607433],[127.6634750366211,34.740139007568416],[127.66291809082043,34.74375152587908],[127.6656951904298,34.745971679687784]]],[[[127.56319427490257,34.74958419799805],[127.56819152832031,34.742916107177734],[127.56625366210938,34.73930740356445],[127.55708312988304,34.7412490844726],[127.55764007568393,34.74736022949213],[127.56319427490257,34.74958419799805]]],[[[127.7576370239259,34.742637634277344],[127.76513671875,34.745971679687784],[127.76791381835949,34.751525878906364],[127.76847076416061,34.743473052978516],[127.7576370239259,34.742637634277344]]],[[[127.56153106689499,34.77069473266613],[127.56819152832031,34.76763916015625],[127.57096862792969,34.76291656494146],[127.55958557128906,34.76263809204107],[127.56153106689499,34.77069473266613]]],[[[127.55874633789062,34.78291702270519],[127.55735778808605,34.780418395996094],[127.55569458007812,34.78236007690424],[127.55874633789062,34.78291702270519]]],[[[127.55874633789062,34.79069519042969],[127.56236267089878,34.789859771728516],[127.56041717529308,34.787639617920206],[127.55874633789062,34.79069519042969]]],[[[127.52375030517578,34.807361602783374],[127.52597045898449,34.80597305297863],[127.52375030517578,34.80597305297863],[127.52375030517578,34.807361602783374]]],[[[127.64430236816452,34.84152603149414],[127.64791870117188,34.843193054199276],[127.64819335937534,34.84097290039074],[127.64430236816452,34.84152603149414]]],[[[127.64375305175793,34.84819412231445],[127.64680480957043,34.848751068115405],[127.64708709716808,34.84708404541027],[127.64375305175793,34.84819412231445]]],[[[127.61708068847702,34.85347366333019],[127.62041473388695,34.851528167724666],[127.61680603027344,34.85291671752941],[127.61708068847702,34.85347366333019]]],[[[127.68514251708996,34.86847305297857],[127.68680572509766,34.86736297607422],[127.68486022949253,34.86680603027344],[127.68514251708996,34.86847305297857]]],[[[127.61902618408203,34.86819458007818],[127.62319183349655,34.86736297607422],[127.61958312988315,34.8651390075683],[127.61902618408203,34.86819458007818]]],[[[127.61208343505871,34.87069320678711],[127.60902404785202,34.86875152587896],[127.61208343505871,34.871528625488224],[127.61208343505871,34.87069320678711]]],[[[127.6106948852539,34.88180541992199],[127.63097381591808,34.880695343017635],[127.6304168701173,34.874862670898494],[127.6245803833009,34.880138397216854],[127.61930847167969,34.87680435180664],[127.6106948852539,34.88180541992199]]],[[[127.7576370239259,34.742637634277344],[127.75125122070335,34.73569488525402],[127.7345809936528,34.73819351196295],[127.7318038940432,34.728473663330135],[127.69819641113281,34.72041702270508],[127.69625091552768,34.72763824462896],[127.67791748046898,34.73485946655268],[127.68235778808594,34.73958206176786],[127.67514038085972,34.74680709838873],[127.66319274902389,34.74986267089844],[127.6634750366211,34.75652694702154],[127.65791320800815,34.75541687011719],[127.65930175781284,34.745971679687784],[127.65097045898438,34.742637634277344],[127.6398620605471,34.71875],[127.63513946533203,34.719028472900334],[127.6429138183596,34.70652770996105],[127.62652587890625,34.71152877807623],[127.62652587890625,34.71875],[127.62208557128906,34.707359313964844],[127.61402893066452,34.70708465576183],[127.6281967163086,34.696250915527514],[127.6237487792971,34.687362670898494],[127.63874816894531,34.684028625488224],[127.6281967163086,34.67930603027344],[127.61763763427746,34.683750152587834],[127.62236022949219,34.675971984863565],[127.62958526611328,34.675415039062614],[127.64013671875011,34.65541839599604],[127.63402557373058,34.65902709960949],[127.6290283203125,34.655139923095646],[127.62985992431686,34.649581909179915],[127.6429138183596,34.65041732788086],[127.64013671875011,34.64541625976568],[127.6345825195317,34.646526336670036],[127.6406936645509,34.643196105957145],[127.63014221191429,34.637359619140625],[127.64013671875011,34.637916564941406],[127.64375305175793,34.63236236572283],[127.64736175537155,34.637638092041016],[127.65152740478516,34.63541793823248],[127.64458465576172,34.631526947021484],[127.64541625976562,34.62708282470726],[127.63680267334018,34.625694274902344],[127.63430786132824,34.63236236572283],[127.62430572509777,34.62958526611334],[127.62625122070347,34.63263702392584],[127.61402893066452,34.64374923706055],[127.58791351318393,34.652362823486385],[127.5754165649414,34.648750305175724],[127.58291625976574,34.63236236572283],[127.57986450195324,34.6304168701173],[127.56513977050781,34.65402603149414],[127.55319213867233,34.658473968505916],[127.55208587646484,34.66875076293968],[127.56124877929688,34.67097091674799],[127.56346893310558,34.676250457763956],[127.55014038085983,34.68291473388672],[127.55236053466797,34.693195343017635],[127.55902862548828,34.69374847412121],[127.55874633789062,34.70013809204113],[127.57208251953159,34.699306488037166],[127.57986450195324,34.6940269470216],[127.58069610595703,34.69569396972656],[127.57208251953159,34.7034721374514],[127.56375122070347,34.7015266418457],[127.56375122070347,34.70875167846697],[127.55291748046875,34.70041656494152],[127.55680847168014,34.713748931884766],[127.54930877685547,34.71041488647472],[127.54819488525402,34.71291732788097],[127.55124664306652,34.7198600769043],[127.56375122070347,34.72402954101591],[127.56124877929688,34.73208236694359],[127.56791687011719,34.727916717529354],[127.57902526855491,34.73291778564453],[127.57819366455112,34.73902893066406],[127.58403015136764,34.73930740356445],[127.58264160156273,34.74541473388683],[127.59791564941406,34.742916107177734],[127.60291290283249,34.74486160278343],[127.58374786376953,34.75013732910162],[127.59041595458984,34.75736236572271],[127.58319091796886,34.769027709960994],[127.57958221435581,34.76124954223633],[127.57263946533249,34.75958251953142],[127.57514190673862,34.77013778686535],[127.5687484741211,34.77736282348644],[127.55874633789062,34.77680587768566],[127.57152557373047,34.7790260314942],[127.57319641113293,34.78319549560558],[127.55874633789062,34.795696258545036],[127.55735778808605,34.80708312988281],[127.52430725097656,34.80902862548828],[127.52625274658214,34.82319259643572],[127.53874969482433,34.83208465576172],[127.54291534423828,34.843193054199276],[127.52569580078136,34.84430694580078],[127.5220870971682,34.86208343505865],[127.51486206054722,34.8676376342774],[127.51736450195312,34.87930679321289],[127.49922943115268,34.87482833862316],[127.506103515625,34.882598876953296],[127.54907989501976,34.8823356628418],[127.55843353271484,34.89307022094732],[127.5684280395509,34.89557266235357],[127.5745849609375,34.8890266418457],[127.59430694580078,34.88291549682617],[127.59041595458984,34.87263870239258],[127.6051406860355,34.860694885253906],[127.6023635864259,34.85708236694347],[127.60624694824219,34.85180664062506],[127.61458587646496,34.85347366333019],[127.62180328369186,34.84458160400419],[127.63680267334018,34.845973968505916],[127.63597106933639,34.839305877685604],[127.62735748291027,34.839305877685604],[127.62680816650436,34.83458328247082],[127.63819122314453,34.82180404663097],[127.64097595214844,34.8323593139649],[127.64375305175793,34.828193664550895],[127.64875030517624,34.828193664550895],[127.64597320556663,34.830970764160384],[127.64819335937534,34.83180618286133],[127.66374969482422,34.824859619140625],[127.67458343505882,34.83263778686529],[127.67124938964889,34.83625030517595],[127.67569732666027,34.83347320556646],[127.67346954345703,34.84041595458996],[127.67541503906261,34.845138549804744],[127.67652893066406,34.83625030517595],[127.69069671630882,34.84041595458996],[127.70041656494152,34.85291671752941],[127.69430541992199,34.85819625854498],[127.69513702392578,34.86430740356451],[127.70153045654342,34.85625076293968],[127.70263671875,34.85958480834972],[127.72180175781295,34.857639312744425],[127.72736358642578,34.86402893066435],[127.73513793945335,34.86458206176775],[127.72513580322266,34.85708236694347],[127.74291992187545,34.85097122192411],[127.74236297607433,34.857639312744425],[127.76875305175781,34.86430740356451],[127.78152465820312,34.85208511352545],[127.77208709716797,34.85235977172846],[127.77541351318393,34.845138549804744],[127.78291320800804,34.84430694580078],[127.77541351318393,34.84402847290039],[127.76791381835949,34.83180618286133],[127.76791381835949,34.82377243041992],[127.77486419677734,34.822082519531364],[127.76736450195324,34.818748474121094],[127.76902770996094,34.80014038085966],[127.75958251953159,34.80069351196289],[127.7562484741211,34.784584045410156],[127.74514007568393,34.77763748168945],[127.75402832031295,34.763748168945426],[127.74986267089844,34.75541687011719],[127.75541687011719,34.752082824707145],[127.74986267089844,34.74652862548834],[127.7576370239259,34.742637634277344]]]]}}]}